Entity Information,Initial Filing Date,Status,Entity Type,Formed In,Agent
"A Magic Bean Fertility Consulting and Surrogacy, LLC (5903208)",09/13/2023,Active,Name Reservation,,NO AGENT
AA DONOR AND SURROGACY SERVICES INC (4599494),05/26/2020,Suspended - FTB,Stock Corporation - CA - General,CALIFORNIA,JING DONG
"AA SURROGACY SERVICES, LLC (201806510605)",02/20/2018,Active,Limited Liability Company - CA,CALIFORNIA,"LEGALZOOM.COM, INC LEGALZOOM.COM, INC"
"ABC FERTILITY SURROGACY, INC. (4170822)",07/02/2018,Terminated,Stock Corporation - CA - General,CALIFORNIA,JIANMIN SHEN
ACORN SURROGACY CENTER LLC (202025810154),09/10/2020,Active,Limited Liability Company - CA,CALIFORNIA,JIE SHEN
"AGENCY FOR SURROGACY SOLUTIONS, INC. (2692888)",12/02/2004,Active,Stock Corporation - CA - General,CALIFORNIA,LAURI ELLEN DE BRITO
"All Love Surrogacy, LLC (202356011539)",03/23/2023,Active,Limited Liability Company - CA,CALIFORNIA,AMY L. NASHON
ALPHA SURROGACY LLC (202008711066),03/17/2020,Active,Limited Liability Company - CA,CALIFORNIA,JING FAN
"ALTERNATIVES IN SURROGACY, LLC (201834510194)",12/06/2018,Terminated,Limited Liability Company - Out of State,OREGON,ANDREEA BAILA
"AMAZING GENERATION SURROGACY ,INC (4221851)",12/17/2018,Terminated,Stock Corporation - CA - General,CALIFORNIA,CALIFORNIA REGISTERED AGENT INC
"AMAZING SURROGACY, LLC (201701910529)",01/05/2017,Active,Limited Liability Company - CA,CALIFORNIA,SUNNY LING
AMERICAN SURROGACY CENTER LLC (201816610338),06/12/2018,Terminated,Limited Liability Company - CA,CALIFORNIA,ROGER WANG
American Surrogacy LLC (202354618809),01/26/2023,Active,Limited Liability Company - Out of State,KANSAS,C T CORPORATION SYSTEM
ANGEL BABIES SURROGACY & EGG DONATION LLC (201725510307),09/05/2017,Forfeited - FTB,Limited Liability Company - Out of State,ARIZONA,MICHAEL RAYMON BROWN
Angel Heart Surrogacy (4116706),02/09/2018,Active,Stock Corporation - CA - General,CALIFORNIA,BAOYU WANG
ANGEL SURROGACY INC (4237745),01/25/2019,Terminated,Stock Corporation - CA - General,CALIFORNIA,THOMAS LEE
ANGEL SURROGACY LLC (201917210030),06/18/2019,Suspended - FTB,Limited Liability Company - CA,CALIFORNIA,JING WU
ANGELS HOME SURROGACY CONSULTING SERVICES INC (3995744),02/17/2017,Terminated,Stock Corporation - CA - General,CALIFORNIA,SHEN LI
"ASIAN FAMILY SURROGACY, INC (4055401)",08/14/2017,Active,Stock Corporation - CA - General,CALIFORNIA,C.L. TAX & ACCOUNTING SERVICE INC
ASTARTE SURROGACY PARENTING LLC (201718010268),06/23/2017,Terminated,Limited Liability Company - CA,CALIFORNIA,WENZHUO SHEN
"BABIOLOGY SURROGACY AND EGG DONATION, INC. (4211107)",11/07/2018,Suspended - SOS,Stock Corporation - CA - General,CALIFORNIA,JIAN GUO YU
BABY JOY SURROGACY LLC (201900310319),12/24/2018,Terminated,Limited Liability Company - CA,CALIFORNIA,ALVIN CHEN
"BABY PLAN SURROGACY, INC. (4121537)",02/22/2018,Terminated,Stock Corporation - CA - General,CALIFORNIA,YAN ZHANG
BABYBOOM SURROGACY INC. (4132434),03/21/2018,Active,Stock Corporation - CA - General,CALIFORNIA,ANTHONY TOFFOLI
BETTER LIFE SURROGACY (4190940),08/31/2018,Active,Stock Corporation - CA - General,CALIFORNIA,FEI WANG
BIRTHWAY SURROGACY INC. (4183913),08/13/2018,Active,Stock Corporation - CA - General,CALIFORNIA,LYNETTE LINGNI XIAO
"Bliss Surrogacy Los Angeles, Inc. (5534325)",02/24/2023,Active,Stock Corporation - CA - General,CALIFORNIA,Isaac Kahen Kashani
BLOSSOM CALIFORNIA SURROGACY INC (4277115),05/13/2019,Terminated,Stock Corporation - CA - General,CALIFORNIA,KAI SONG
BLOSSOM SURROGACY INC. (4140459),04/23/2018,Terminated,Stock Corporation - CA - General,CALIFORNIA,SHUOFENG ZHAO
"BRITISH SURROGACY CENTRE, INC. (3349350)",02/10/2011,Active,Stock Corporation - CA - General,CALIFORNIA,"CALIFORNIA CORPORATE AGENTS, INC."
BSC-EGG DONATION AND SURROGACY AGENCY INC. (3868231),01/25/2016,Terminated,Stock Corporation - CA - General,CALIFORNIA,
BUILDING GENERATIONS INTERNATIONAL SURROGACY INC. (3490252),07/19/2012,Active,Stock Corporation - CA - General,CALIFORNIA,MARIA VALENCIA
BUMPS & BLESSINGS SURROGACY AGENCY LLC (202100111550),01/01/2021,Active,Limited Liability Company - CA,CALIFORNIA,Jessica O'Dell
California Center for Surrogacy (6023356),01/01/2024,Active,Stock Corporation - CA - General,CALIFORNIA,Lori L. Arnold
CALIFORNIA LOTUSCARE SURROGACY LLC (201430010094),10/22/2014,Terminated,Limited Liability Company - CA,CALIFORNIA,CHAO CHEN
CALIFORNIA NULIFE SURROGACY LLC (201910110690),04/07/2019,Active,Limited Liability Company - CA,CALIFORNIA,Wenting Gao
CALIFORNIA STATE SURROGACY CENTER LLC (201516710193),06/11/2015,Active,Limited Liability Company - CA,CALIFORNIA,NING HAN
CALIFORNIA SURROGACY & EGG DONATION CENTER (4169439),06/28/2018,Active,Stock Corporation - CA - General,CALIFORNIA,JUAN QI
CALIFORNIA SURROGACY CENTER (3333750),11/12/2010,Terminated,Stock Corporation - CA - General,CALIFORNIA,LIJUAN TIAN
CALIFORNIA SURROGACY CONSULTANTS LLC (201908810477),03/26/2019,Suspended - SOS,Limited Liability Company - CA,CALIFORNIA,MANUEL GONZALEZ
CALIFORNIA SURROGACY INTERNATIONAL LLC (201431710201),11/07/2014,Suspended - FTB/SOS,Limited Liability Company - CA,CALIFORNIA,KENTRA TEAGUE
CALIFORNIA SURROGACY PROGRAM LLC (201828910552),10/11/2018,Suspended - FTB,Limited Liability Company - CA,CALIFORNIA,TRUDI ATHERTON
"CARE SURROGACY, INC. (3916653)",06/10/2016,Terminated,Stock Corporation - CA - General,CALIFORNIA,MATT YAGIZ
CAREFREE EGG DONOR AND SURROGACY INC (4235843),01/22/2019,Suspended - FTB,Stock Corporation - CA - General,CALIFORNIA,SHANYA YANG
"CARRY ME SURROGACY, INC. (4794558)",09/29/2021,Terminated,Stock Corporation - CA - General,CALIFORNIA,IOANA VASILE
"CENTRAL COAST SURROGACY AND EGG DONATION, INC. (3610274)",10/08/2013,Terminated,Stock Corporation - CA - General,CALIFORNIA,SUHAN D ROJAS
"CENTRAL COAST SURROGACY, LLC (201311410392)",02/27/2013,Active,Limited Liability Company - CA,CALIFORNIA,DANNIELLE L Jarnesky
CHINA SURROGACY INC (4077993),10/25/2017,Suspended - FTB,Stock Corporation - CA - General,CALIFORNIA,XIAOMAN LIU
CHINA-AMERICA SURROGACY AGENCY (3769342),03/26/2015,Suspended - FTB/SOS,Stock Corporation - CA - General,CALIFORNIA,HANNAH YIN
"CHOICE SURROGACY, INC. (3622984)",12/04/2013,Terminated,Stock Corporation - CA - General,CALIFORNIA,TRISH TAYLOR
"CIRCLE OF LIFE SURROGACY, LLC (201413510361)",05/14/2014,Suspended - FTB,Limited Liability Company - CA,CALIFORNIA,JEANETTE PASSWATERS
"CIRCLE SURROGACY, LLC (201735410457)",12/14/2017,Active,Limited Liability Company - Out of State,DELAWARE,CHUAYEE YU
"COASTAL SURROGACY, LLC (200935210351)",12/17/2009,Active,Limited Liability Company - CA,CALIFORNIA,JOHN DEAN
"CONCEIVE SURROGACY, LLC (201733910105)",11/28/2017,Terminated,Limited Liability Company - CA,CALIFORNIA,SHARON MOAYERI
CREATING FOOTPRINTS SURROGACY LLC (201313310072),05/06/2013,Terminated,Limited Liability Company - CA,CALIFORNIA,"LEGALZOOM.COM, INC."
Creation Surrogacy LLC (202358311094),07/21/2023,Active,Limited Liability Company - CA,CALIFORNIA,REGISTERED AGENTS INC
Direct Surrogacy LLC (202461711902),04/03/2024,Active,Limited Liability Company - CA,CALIFORNIA,ROBERT ROSEN
DOCTOR SURROGACY INC. (4125897),03/06/2018,Terminated,Stock Corporation - CA - General,CALIFORNIA,WENBIN WEI
DREAM SURROGACY SERVICES LLC (202003011371),01/15/2020,Terminated,Limited Liability Company - CA,CALIFORNIA,CHRISTINA L THURSBY
"DREAM SURROGACY, LLC (201720610282)",07/18/2017,Active,Limited Liability Company - CA,CALIFORNIA,LLC DREAM SURROGACY
"DWELL SURROGACY, LLC (201807910393)",03/05/2018,Terminated,Limited Liability Company - CA,CALIFORNIA,CATHERINE WELCH
"EDEN NEXTGEN SURROGACY, INC. (4525867)",10/29/2019,Active,Stock Corporation - CA - General,CALIFORNIA,CHUNLING PEI
EGG AND BELLY SURROGACY LLC (201911410537),03/27/2018,Active - Pending Termination,Limited Liability Company - CA,CALIFORNIA,ISAICK K CHENY
EGG DONOR AND SURROGACY INSTITUTE (2441841),07/01/2002,Suspended - FTB,Stock Corporation - CA - General,CALIFORNIA,PARHAM ZAR
ELITE WOMEN SURROGACY AGENCY LLC (202004510452),02/04/2020,Active,Limited Liability Company - CA,CALIFORNIA,KENIA GERMAN
ELITE WOMEN SURROGACY LLC (201711710124),04/20/2017,Active,Limited Liability Company - CA,CALIFORNIA,KENIA GERMAN
ELITE WOMEN SURROGACY MAGAZINE LLC (201828810212),10/10/2018,Suspended - FTB,Limited Liability Company - CA,CALIFORNIA,KENIA GERMAN
EMBRACE SURROGACY LLC (201111210231),04/07/2011,Terminated,Limited Liability Company - CA,CALIFORNIA,SILBANA MARTINEZ URIBE
EMMY SURROGACY CENTER (3952681),10/06/2016,Terminated,Stock Corporation - CA - General,CALIFORNIA,NING JIA
ENJOYING BABIES THROUGH SURROGACY INC (5309649),10/26/2022,Active,Stock Corporation - CA - General,CALIFORNIA,IES CORP SERVICES INC
EWI SURROGACY LLC (201903710372),02/01/2019,Active,Limited Liability Company - CA,CALIFORNIA,CATHY FENG
"EXPECTING SURROGACY, LLC (201616810094)",06/13/2016,Suspended - FTB,Limited Liability Company - CA,CALIFORNIA,NEAL MARKOWITZ
"FAMILY CREATIONS SURROGACY, INC. (2977028)",03/09/2007,Terminated,Stock Corporation - Out of State - Stock,NEVADA,DEBORAH HAWORTH
FAMILY FIRST SURROGACY AGENCY LLC (202131210690),11/04/2021,Active,Limited Liability Company - CA,CALIFORNIA,ASHLEY NICOLE FREITAS
"FAMILY MATTERS SURROGACY, LLC (201628110083)",09/30/2016,Active,Limited Liability Company - CA,CALIFORNIA,DANTE PRIDE
FAMILY ORIGINS SURROGACY & EGG DONATION LLC (202009010752),03/17/2020,Active,Limited Liability Company - CA,CALIFORNIA,REGISTERED AGENTS INC
FAMILY TREE SURROGACY CENTER LLC (201418410256),07/02/2014,Active,Limited Liability Company - CA,CALIFORNIA,LEGALZOOM LEGALZOOM
FAMILY TREE SURROGACY SERVICE INC. (4130870),03/30/2018,Terminated,Stock Corporation - CA - General,CALIFORNIA,LINGNI XIAO
"FERTILITY AND SURROGACY LEGAL GROUP, APC (3763782)",03/05/2015,Active,Stock Corporation - CA - Professional,CALIFORNIA,RICHARD A GEISLER
FIRSTCLASS SURROGACY LLC (201702110191),01/09/2017,Terminated,Limited Liability Company - CA,CALIFORNIA,SHUOFENG ZHAO
Flying Stork Surrogacy LLC (202355310939),02/23/2023,Active,Limited Liability Company - CA,CALIFORNIA,JiaJia Gao
"FOREVER BLESSED SURROGACY, LLC (202100510355)",12/30/2020,Active,Limited Liability Company - CA,CALIFORNIA,Gladys Satterfield
FOREVER FAMILIES SURROGACY LLC (202018810581),07/02/2020,Active,Limited Liability Company - CA,CALIFORNIA,"CALIFORNIA CORPORATE AGENTS, INC."
FORMOSA SURROGACY LLC (202250913103),05/25/2022,Active,Limited Liability Company - CA,CALIFORNIA,CHENG JAN TSUI
Full Bloom Surrogacy LLC (202360012518),12/06/2023,Active,Limited Liability Company - CA,CALIFORNIA,"NORTHWEST REGISTERED AGENT, INC."
Full Bloom Surrogacy LLC (5992364),11/28/2023,Inactive,Name Reservation,CALIFORNIA,NO AGENT
FUTURE GENERATION SURROGACY GROUP (3878558),02/23/2016,Active,Stock Corporation - CA - General,CALIFORNIA,WENRUI BI
Future Spring Surrogacy (6303226),07/11/2024,Active,Stock Corporation - CA - General,CALIFORNIA,LEIJUN TANG
GENESIS EGG DONOR AND SURROGACY GROUP INC (3241070),01/19/2010,Active,Stock Corporation - CA - General,CALIFORNIA,PAGE TOFIGHI
GENESSICS SURROGACY LLC (202460712328),01/25/2024,Active,Limited Liability Company - CA,CALIFORNIA,JOSE M JIMENEZ ZAFRILLA
GENESSICS SURROGACY LLC (6058468),01/16/2024,Inactive,Name Reservation,CALIFORNIA,NO AGENT
GIFT OF LOVE SURROGACY LLC (202019110755),07/07/2020,Active,Limited Liability Company - CA,CALIFORNIA,ANDREA GUTIERREZ
GIFTED JOURNEYS SURROGACY LLC (201306310207),01/25/2013,Suspended - FTB/SOS,Limited Liability Company - CA,CALIFORNIA,WENDIE WILSON-MILLER
"GIVING TREE SURROGACY, LLC (201909310473)",03/28/2019,Active,Limited Liability Company - CA,CALIFORNIA,XIN LIU
"GLOBAL SURROGACY CENTER, LLC (201530910165)",11/03/2015,Terminated,Limited Liability Company - CA,CALIFORNIA,ROBERT RETTENMAIER
GLOBAL SURROGACY INC (4206879),10/25/2018,Active,Stock Corporation - CA - General,CALIFORNIA,JIE FU
GLOBAL SURROGACY SERVICES LLC (201728010003),09/29/2017,Active,Limited Liability Company - CA,CALIFORNIA,SHAHLA MELAMED
"GLOBAL SURROGACY SOLUTIONS, LLC (201436410264)",12/23/2014,Terminated,Limited Liability Company - CA,CALIFORNIA,KARL P SCHLECHT
Go Surrogacy LLC (202462812644),06/28/2024,Active,Limited Liability Company - CA,CALIFORNIA,Johnson Y Chen
GSHC SURROGACY AGENCY LLC (202007610030),03/06/2020,Active,Limited Liability Company - CA,CALIFORNIA,JIA SHEN
HAPPY FAMILY EGG DONATION AND SURROGACY LLC (201627710401),09/27/2016,Suspended - FTB/SOS,Limited Liability Company - CA,CALIFORNIA,JIAQI HUANG
"HAPPY FUTURE SURROGACY, INC. (3813147)",08/03/2015,Active,Stock Corporation - CA - General,CALIFORNIA,TING ZHAO
HARMONIOUS SURROGACY LLC (201917610189),06/21/2019,Suspended - SOS,Limited Liability Company - CA,CALIFORNIA,"LEGALCORP SOLUTIONS, INC"
HARMONY SURROGACY LLC (202003810425),01/24/2020,Terminated,Limited Liability Company - CA,CALIFORNIA,PAULA TOBON
"Harmony Surrogacy, LLC (202360018199)",12/11/2023,Active,Limited Liability Company - CA,CALIFORNIA,Brian A. Ripley
Heart and Soul Surrogacy LLC (202251519121),07/15/2022,Active,Limited Liability Company - CA,CALIFORNIA,"NORTHWEST REGISTERED AGENT, INC."
HEARTFELT SURROGACY LLC (201906310232),02/27/2019,Suspended - FTB,Limited Liability Company - CA,CALIFORNIA,LAURIE DUNN DUNN
HELLO MY BABY SURROGACY LLC (202460410826),01/04/2024,Active,Limited Liability Company - CA,CALIFORNIA,"FRONTIER TAX CONSULTING, A PROFESSIONAL ACCOUNTANCY CORPORATION"
"HELLO WORLD SURROGACY, LLC (201711010363)",04/12/2017,Suspended - FTB,Limited Liability Company - CA,CALIFORNIA,JOANNA BOLES WHITLOW
HELLOBABY SURROGACY INC (4591455),05/05/2020,Active,Stock Corporation - CA - General,CALIFORNIA,SHAOXUAN SUN
HERA SURROGACY LLC (202207410334),03/13/2022,Terminated,Limited Liability Company - CA,CALIFORNIA,YONG QUAN TIAN
HOPE SURROGACY LLC (202109111463),03/27/2021,Terminated,Limited Liability Company - CA,CALIFORNIA,SILVIA ZHANG
"HOPE SURROGACY, INC. (4555093)",01/17/2020,Terminated,Stock Corporation - CA - General,CALIFORNIA,MINGMING WANG
IBS SURROGACY CENTER LLC (202128010450),10/05/2021,Terminated,Limited Liability Company - CA,CALIFORNIA,SHARON L TAN
"INSTITUTE FOR CREATION THROUGH SURROGACY, LLC (199835010036)",12/16/1998,Suspended - FTB/SOS,Limited Liability Company - CA,CALIFORNIA,"DANIEL ROSEN, ESQ."
INTEGRATIVE SURROGACY LLC (202106210758),02/27/2021,Active,Limited Liability Company - CA,CALIFORNIA,LISA WHALEN
"INTERNATIONAL DONOR AND SURROGACY AGENCY, LLC (201613910389)",02/11/2015,Terminated,Limited Liability Company - CA,CALIFORNIA,IRA ROSENBLATT
"IT'S TIME SURROGACY, LLC (201508910362)",03/26/2015,Active,Limited Liability Company - CA,CALIFORNIA,CARL B HAKENJOS CARL@SH2020.COM
"IVY SURROGACY, INC. (5149164)",07/07/2022,Active,Stock Corporation - CA - General,CALIFORNIA,XUEMEI ZHANG
IWINI SURROGACY INC. (3883842),03/09/2016,Active,Stock Corporation - CA - General,CALIFORNIA,CHEN GUO
Jacobae Surrogacy LLC (202116111067),06/07/2021,Active,Limited Liability Company - CA,CALIFORNIA,RAN ZHANG
Katy Cleland Surrogacy Consultant LLC (202355513229),03/06/2023,Terminated,Limited Liability Company - CA,CALIFORNIA,"UNITED STATES CORPORATION AGENTS, INC."
"KINDRED SURROGACY, LLC (201718710516)",06/29/2017,Active,Limited Liability Company - CA,CALIFORNIA,"CALIFORNIA CORPORATE AGENTS, INC."
"Les Petit Fertility Consulting and Surrogacy, LLC (5903196)",09/13/2023,Inactive,Name Reservation,CALIFORNIA,NO AGENT
"Les Petit Surrogacy, LLC (5903275)",09/13/2023,Inactive,Name Reservation,CALIFORNIA,NO AGENT
"Les Petits Fertility Consulting and Surrogacy, LLC (202359018130)",09/18/2023,Active,Limited Liability Company - CA,CALIFORNIA,REGISTERED AGENTS INC
"Les Petits Fertility Consulting and Surrogacy, LLC (5904514)",09/14/2023,Inactive,Name Reservation,CALIFORNIA,NO AGENT
LIFE HOUSE SURROGACY INC. (4544769),12/24/2019,Terminated,Stock Corporation - CA - General,CALIFORNIA,MI YU
LOTUS INTERNATIOANL SURROGACY LLC (201822010607),08/06/2018,Suspended - FTB,Limited Liability Company - CA,CALIFORNIA,AMANDA ELIZABETH TROIANO
LOVE BABIES SURROGACY AGENCY LLC (202136210199),12/25/2021,Terminated,Limited Liability Company - CA,CALIFORNIA,CHERYL REEP
LOVE BABY SURROGACY LLC (202014710083),05/22/2020,Terminated,Limited Liability Company - CA,CALIFORNIA,SIFANG TAN
"LOVE SURROGACY, INC (3779636)",04/21/2015,Terminated,Stock Corporation - CA - General,CALIFORNIA,XIAOPING HOU
LUCKY SEED SURROGACY (4235825),01/22/2019,Active,Stock Corporation - CA - General,CALIFORNIA,DAN LI
MADE IN THE USA SURROGACY LLC (201736310153),12/18/2017,Active,Limited Liability Company - CA,CALIFORNIA,Peter Giermek
MARK SURROGACY INVESTMENT LLC (202113411118),05/11/2021,Active,Limited Liability Company - CA,CALIFORNIA,"AAA AMERICAN CPA, INC"
MIRACLE CONCEPTIONS SURROGACY CENTER LLC (201624310204),08/22/2016,Suspended - FTB,Limited Liability Company - CA,CALIFORNIA,AMBER CHERIE SUMMERLIN
MLE&MLANG INTERNATIONAL SURROGACY LLC (202106011288),02/24/2021,Active,Limited Liability Company - CA,CALIFORNIA,"LEGALCORP SOLUTIONS, INC"
"MODERN FAMILY SURROGACY CENTER, INC. (3351593)",01/18/2011,Active,Stock Corporation - CA - General,CALIFORNIA,CORA L JENSON
MSP SURROGACY SERVICES LLC (202026010555),09/14/2020,Active,Limited Liability Company - CA,CALIFORNIA,MARLY STEINMAN PAIRSOT
NAPPY ENDINGS SURROGACY AGENCY LLC (202035410071),12/16/2020,Active,Limited Liability Company - CA,CALIFORNIA,ANDREW VORZIMER
NEW DAWN SURROGACY LLC (202461310739),03/06/2024,Active,Limited Liability Company - CA,CALIFORNIA,REPUBLIC REGISTERED AGENT INC.
NEW HOPE SURROGACY LLC (202202110690),01/21/2022,Active,Limited Liability Company - CA,CALIFORNIA,CHANG LIU
New Life Surrogacy Corp. (5349809),11/28/2022,Inactive,Name Reservation,CALIFORNIA,NO AGENT
New Life Surrogacy Corp. (5357310),12/02/2022,Active,Stock Corporation - CA - General,CALIFORNIA,Bo Consulting Li
NEW LIVES SURROGACY LLC (201805810354),02/12/2018,Terminated,Limited Liability Company - CA,CALIFORNIA,LINFANG WU
"NEW STAR EGG DONATION & SURROGACY, INC. (4175401)",07/17/2018,Active,Stock Corporation - CA - General,CALIFORNIA,SHUHUA WAN
NEWCARE SURROGACY LLC (201836210549),12/20/2018,Active,Limited Liability Company - CA,CALIFORNIA,Catherine Fan
NEXT MIRACLE SURROGACY LLC (202204811248),02/15/2022,Active,Limited Liability Company - CA,CALIFORNIA,DANIEL K HSIEN II
"NORTHWEST SURROGACY CENTER, L.L.C. (201408510438)",03/21/2014,Active,Limited Liability Company - Out of State,OREGON,C T CORPORATION SYSTEM
OC WOMEN'S SURROGACY (4536246),12/05/2019,Active,Stock Corporation - CA - General,CALIFORNIA,DEBORA SEDAGHAT
"ONCE UPON A SURROGACY, LLC (201004310011)",02/11/2010,Suspended - FTB,Limited Liability Company - CA,CALIFORNIA,"LEGALZOOM.COM, INC."
ONEWORLD SURROGACY LLC (202005811056),02/15/2020,Terminated,Limited Liability Company - CA,CALIFORNIA,JIANG HUANGFU
ORIGO SURROGACY INC. (4276561),05/10/2019,Active,Stock Corporation - CA - General,CALIFORNIA,SHUOFENG ZHAO
Our Mexico Surrogacy Journey LLC (202463018340),07/16/2024,Active,Limited Liability Company - CA,CALIFORNIA,ZENBUSINESS INC.
Over The Rainbow Surrogacy LLC (202354416224),01/17/2023,Active,Limited Liability Company - CA,CALIFORNIA,GERBER & CO INC.
"PACIFIC COAST SURROGACY MANAGEMENT, LLC (201725710370)",09/08/2017,Terminated,Limited Liability Company - CA,CALIFORNIA,WEI WU
"PACIFIC SURROGACY & EGG DONATION, INC. (3757740)",02/17/2015,Active,Stock Corporation - CA - General,CALIFORNIA,REGISTERED AGENTS INC
PACIFIC SURROGACY CENTER INC (4129592),03/14/2018,Active,Stock Corporation - CA - General,CALIFORNIA,ERIC YAN
PACIFIC SURROGACY LLC (201819710525),07/12/2018,Terminated,Limited Liability Company - CA,CALIFORNIA,YULUN JIANG
PACIFIC SURROGACY USA LLC (201915110311),05/26/2019,Active,Limited Liability Company - CA,CALIFORNIA,YULUN JIANG
PARAMOUNT SURROGACY GROUP LLC (201525710298),09/10/2015,Terminated,Limited Liability Company - CA,CALIFORNIA,KUN LI
PINEAPPLE SURROGACY & EGG DONATION LLC (202013910979),05/14/2020,Terminated,Limited Liability Company - CA,CALIFORNIA,REGISTERED AGENTS INC
PINEAPPLE SURROGACY LLC (202023010600),08/13/2020,Active,Limited Liability Company - CA,CALIFORNIA,ZENBUSINESS INC.
PIONEER SURROGACY LLC (202005010329),02/05/2020,Terminated,Limited Liability Company - CA,CALIFORNIA,KE & ASSOCIATES CONSULTING INC
POSITIVE SURROGACY INC (4701180),01/23/2017,Active,Stock Corporation - CA - General,CALIFORNIA,CHRISTINE CHAVEZ
"POSITIVE SURROGACY, LLC (201703310605)",01/23/2017,Converted Out,Limited Liability Company - CA,CALIFORNIA,CHRISTINE CHAVEZ
PRECIOUS GIFTS SURROGACY LLC (201308110325),02/20/2013,Suspended - FTB,Limited Liability Company - CA,CALIFORNIA,TRUDI ATHERTON
PREMIUM SURROGACY LLC (201503710234),02/04/2015,Terminated,Limited Liability Company - CA,CALIFORNIA,JOHN K JAIN
PROJECT SURROGACY LLC (201716510250),06/06/2017,Terminated,Limited Liability Company - CA,CALIFORNIA,TONI Y. LONG ESQ.
PURE CONNECTIONS SURROGACY LLC (201909210755),03/27/2019,Terminated,Limited Liability Company - CA,CALIFORNIA,ASHLEY KNAPP
ROOTS SURROGACY LLC (201630710345),10/27/2016,Active,Limited Liability Company - CA,CALIFORNIA,DAWN CATHERINE
"SAFE - Surrogacy & Fertility eServices, LLC (201910610154)",04/11/2019,Active,Limited Liability Company - CA,CALIFORNIA,CORLANDOS SCOTT
SAME LOVE SURROGACY LLC (201428610468),10/09/2014,Active,Limited Liability Company - Out of State,DELAWARE,BRADLEY SPENCER
SERENE SURROGACY LLC (202461018967),02/20/2024,Active,Limited Liability Company - CA,CALIFORNIA,YOUJIA ZHANG
SERENE SURROGACY LLC (6103266),02/15/2024,Inactive,Name Reservation,CALIFORNIA,NO AGENT
Serene Surrogacy Partners LLC (202462512424),05/31/2024,Active,Limited Liability Company - CA,CALIFORNIA,"UNITED STATES CORPORATION AGENTS, INC."
SHEDOOR EGG DONATION AND SURROGACY INC. (4599359),05/29/2020,Active,Stock Corporation - CA - General,CALIFORNIA,LIN CHEN
"SHEDOOR GLOBAL SURROGACY, LLC (201808810516)",02/16/2017,Suspended - FTB,Limited Liability Company - CA,CALIFORNIA,LIN CHEN
"SHULAMITE MIRACLE SURROGACY AGENCY, INC. (4083247)",11/13/2017,Terminated,Stock Corporation - CA - General,CALIFORNIA,XIAOLAN ZHAO
"SOCAL SURROGACY, INC. (3943500)",09/07/2016,Active,Stock Corporation - CA - General,CALIFORNIA,ANDREW R. GALE
"SOCAL SURROGACY, LLC (201812810238)",04/26/2018,Active,Limited Liability Company - CA,CALIFORNIA,ANDREW R. GALE
SOCIETY FOR ETHICS IN EGG DONATION AND SURROGACY (3532670),12/20/2012,Active,Nonprofit Corporation - CA - Public Benefit,CALIFORNIA,LISA CHIYA
SOUTH COAST SURROGACY LLC (201919610552),07/11/2019,Terminated,Limited Liability Company - CA,CALIFORNIA,PING WANG
"SOUTHERN CALIFORNIA SURROGACY CENTER, INC. (3678441)",05/21/2014,Terminated,Stock Corporation - CA - General,CALIFORNIA,GEORGE YOUNG
SOUTHERN CALIFORNIA SURROGACY LLC (202252017751),08/18/2022,Active,Limited Liability Company - CA,CALIFORNIA,PING WANG
ST. MARY SURROGACY INC. (3647236),02/20/2014,Terminated,Stock Corporation - CA - General,CALIFORNIA,ZHIFU LI
Stork Baby Surrogacy (5203817),08/16/2022,Active,Stock Corporation - CA - General,CALIFORNIA,Cassandra Soars
STORK SURROGACY LLC (201915710171),06/03/2019,Terminated,Limited Liability Company - CA,CALIFORNIA,JOHN FENG
"STORYBOOK SURROGACY, LLC (201516910448)",06/16/2015,Suspended - FTB/SOS,Limited Liability Company - CA,CALIFORNIA,ANGELENA RINEHART
"SUNNY SURROGACY AGENCY, INC. (4044684)",07/10/2017,Terminated,Stock Corporation - CA - General,CALIFORNIA,HAICHENG LYN
SUNRISE SURROGACY INC. (3862121),01/08/2016,Terminated,Stock Corporation - CA - General,CALIFORNIA,JESSICA YUAN LIU
SUNSHINE SURROGACY CORP. (4140904),04/12/2018,Active,Stock Corporation - CA - General,CALIFORNIA,PENG CHENG
"SUPPORTIVE CONCEPTIONS SURROGACY AGENCY, LLC (201508710004)",03/25/2015,Active,Limited Liability Company - CA,CALIFORNIA,KIMBERLEY ANN HUMBLE
SURROGACY 10 LLC (201913310492),05/08/2019,Active,Limited Liability Company - CA,CALIFORNIA,DAWN BENNETT
"SURROGACY AND FERTILITY ESCROW, INC. (4745707)",05/27/2021,Terminated,Stock Corporation - CA - General,CALIFORNIA,JOSEPH SINGLETON
SURROGACY BEYOND BORDERS LLC (201401010383),01/06/2014,Converted Out,Limited Liability Company - CA,CALIFORNIA,NEAL MARKOWITZ
"SURROGACY BEYOND BORDERS, INC. (3675729)",01/06/2014,Suspended - FTB,Stock Corporation - CA - General,CALIFORNIA,NEAL MARKOWITZ
SURROGACY CENTER OF CALIFORNIA (3153556),07/09/2008,Suspended - FTB,Stock Corporation - CA - General,CALIFORNIA,ROBERT R. WALMSLEY
"SURROGACY CHILD, LLC (201222410667)",08/08/2012,Terminated,Limited Liability Company - CA,CALIFORNIA,ROHIT RANCHHOD
"SURROGACY CONCIERGE, LLC (201716310559)",06/05/2017,Terminated,Limited Liability Company - CA,CALIFORNIA,EVIE PEI JEANG
"SURROGACY ESCROW ACCOUNT, INC. (4209951)",07/10/2018,Terminated,Stock Corporation - CA - General,CALIFORNIA,JOSEPH W SINGLETON
"SURROGACY ESCROW ACCOUNT, LLC (201819710403)",07/10/2018,Converted Out,Limited Liability Company - CA,CALIFORNIA,JOE SINGLETON
SURROGACY FROM THE HEART (2548083),08/11/2003,Terminated,Stock Corporation - CA - General,CALIFORNIA,MICHAEL MILCHIKER
"SURROGACY INTERNATIONAL, INC. (3614199)",10/23/2013,Active,Stock Corporation - CA - General,CALIFORNIA,MARLEA JARRETTE
SURROGACY IS LLC (202019110882),07/07/2020,Terminated,Limited Liability Company - CA,CALIFORNIA,REGISTERED AGENTS INC
Surrogacy Is LLC (202461218849),03/05/2024,Active,Limited Liability Company - Out of State,GEORGIA,Casey Bojorquez
SURROGACY JOURNEYS LLC (201903610020),01/31/2019,Terminated,Limited Liability Company - CA,CALIFORNIA,SHANNON RENAE LANDIS
Surrogacy LATAM (5836188),07/26/2023,Active,Stock Corporation - CA - General,CALIFORNIA,Ingrid J Mogollon Campos
SURROGACY MANAGEMENT LLC (201408710217),03/25/2014,Terminated,Limited Liability Company - CA,CALIFORNIA,
SURROGACY PARTNERSHIP LLC (201727610161),09/25/2017,Active,Limited Liability Company - Out of State,WYOMING,CHRISTOPHER J BUSMAN
Surrogacy Project LLC (202251813574),08/02/2022,Active,Limited Liability Company - CA,CALIFORNIA,"LEGALZOOM.COM, INC."
SURROGACY TOGETHER (3521322),11/15/2012,Suspended - FTB,Nonprofit Corporation - CA - Public Benefit,CALIFORNIA,JON ANDERSON
SURROGACY TRUST FUNDS MANAGEMENT INC (3976595),12/30/2016,Suspended - FTB,Stock Corporation - CA - General,CALIFORNIA,SANG CHEN
"THE GREATEST SURROGACY CENTER NW, LLC (201626610354)",09/16/2016,Suspended - FTB,Limited Liability Company - CA,CALIFORNIA,JERI LYNN CHAMBERS
THE SURROGACY AGENCY INC. (4123686),02/27/2018,Suspended - FTB,Stock Corporation - CA - General,CALIFORNIA,RYAN REHART
"The Surrogacy Law Center, APC (3464437)",03/26/2012,Active,Stock Corporation - CA - General,CALIFORNIA,STEPHANIE CABALLERO
TINY PRINTS SURROGACY INC. (4688989),01/06/2021,Suspended - FTB,Stock Corporation - CA - General,CALIFORNIA,NADIA ALEJANDRA GARCIA
TINY SPROUTS SURROGACY (3828753),09/24/2015,Active,Stock Corporation - CA - General,CALIFORNIA,MELISSA BUONANNO
TRINITY SURROGACY LLC (202109811632),04/02/2021,Terminated,Limited Liability Company - CA,CALIFORNIA,"LEGALZOOM.COM, INC."
TRUSTED SURROGACY LLC (201828210076),10/04/2018,Active,Limited Liability Company - CA,CALIFORNIA,
US HARVEST BABIES SURROGACY LLC (201603310258),01/28/2016,Active,Limited Liability Company - CA,CALIFORNIA,FEI WANG
US SURROGACY LLC (202007910074),03/19/2020,Active,Limited Liability Company - Out of State,NEVADA,Dawn Baker
USA BABY SURROGACY INC (3847313),12/03/2015,Suspended - FTB/SOS,Stock Corporation - CA - General,CALIFORNIA,PEI YU LIU
VITA SURROGACY LLC (202030910294),11/02/2020,Active,Limited Liability Company - CA,CALIFORNIA,JAQUELINE SANCHEZ
Vivo Surrogacy LLC (202354915552),02/08/2023,Active,Limited Liability Company - CA,CALIFORNIA,Angela M Zamora
WATSON SURROGACY LLC (201912110340),04/26/2019,Terminated,Limited Liability Company - CA,CALIFORNIA,GUANG CHEN
We Do Life Surrogacy LLC (202250913818),05/26/2022,Active,Limited Liability Company - CA,CALIFORNIA,Agustin Neuspiller
"WEST COAST SURROGACY, INC. (2986878)",04/23/2007,Active,Stock Corporation - CA - General,CALIFORNIA,MICHAEL FISCHER
"WESTERN SURROGACY, LLC (201415510005)",06/02/2014,Suspended - FTB,Limited Liability Company - CA,CALIFORNIA,KATRYNA NATE
Westwood Surrogacy LLC (202462911295),07/01/2024,Active,Limited Liability Company - CA,CALIFORNIA,Alicia Khoo
WONDERFULLY MADE SURROGACY LLC (202119710609),07/14/2021,Terminated,Limited Liability Company - CA,CALIFORNIA,NO AGENT
XIN YUAN EGG DONATION AND SURROGACY INC (4261575),04/02/2019,Terminated,Stock Corporation - CA - General,CALIFORNIA,YI SU
AMERICA EGG DONOR BANK INC (4127686),03/09/2018,Active,Stock Corporation - CA - General,CALIFORNIA,YAO LI
ASIA EGG DONOR CENTER INC. (2368018),11/28/2001,Terminated,Stock Corporation - CA - General,CALIFORNIA,HSI WEN CHIA
"ASIAWEST EGG DONORS, LLC (201716110144)",06/02/2017,Suspended - SOS,Limited Liability Company - CA,CALIFORNIA,ANNA MARIAH SWAN
"CALIFORNIA DONOR EGG CRYOBANK, LLC (201124110185)",08/16/2011,Active,Limited Liability Company - CA,CALIFORNIA,C T CORPORATION SYSTEM
"CARING HEART'S SURROGACY AND EGG DONOR SERVICES, INC. (2415317)",05/09/2002,Suspended - FTB/SOS,Stock Corporation - CA - General,CALIFORNIA,MARY FLOYD
"CORI'S EGG DONOR AND SURROGATE SERVICES, INC. (2078354)",01/11/2000,Terminated,Stock Corporation - CA - General,CALIFORNIA,ROMAN J JIMENEZ
"EGG DONOR CONCEPTIONS, INC. (3311223)",05/24/2010,Suspended - FTB/SOS,Stock Corporation - CA - General,CALIFORNIA,HEMANT LAVU
"EGG DONOR CONNECT, LLC (200722110272)",07/10/2007,Suspended - FTB,Limited Liability Company - CA,CALIFORNIA,
"EGG DONOR CONNECTION, LLC (201320810110)",07/24/2013,Terminated,Limited Liability Company - CA,CALIFORNIA,SUSAN KATZMAN
EGG DONOR REGISTRY LLC (201211710004),04/25/2012,Active,Limited Liability Company - CA,CALIFORNIA,ROBYN PERCHIK
"EGG DONORS OF LA JOLLA, INC. (4031081)",05/30/2017,Terminated,Stock Corporation - CA - General,CALIFORNIA,
ELEVATE EGG DONOR AGENCY LLC (201813610416),05/07/2018,Terminated,Limited Liability Company - CA,CALIFORNIA,
EXPERIENCED EGG DONORS INC. (3986051),01/23/2017,Suspended - FTB,Stock Corporation - CA - General,CALIFORNIA,JENNA BONFIELD
GLOBAL EGG DONORS LLC (201210210080),02/27/2012,Active,Limited Liability Company - CA,CALIFORNIA,ROBIN E. NEWMAN
HOAG EGG DONOR & SURROGACY LLC (201909410618),03/29/2019,Suspended - SOS,Limited Liability Company - CA,CALIFORNIA,YUEWEI ZHANG
"KOREAN EGG DONOR AGENCY, INC. (3241104)",01/19/2010,Terminated,Stock Corporation - CA - General,CALIFORNIA,YOUNG MI LEE
"MFC DONOR EGG AGENCY, INC. (3635845)",01/10/2014,Terminated,Stock Corporation - CA - General,CALIFORNIA,"LEGALZOOM.COM, INC."
"MIDWEST EGG DONOR AGENCY, LLC (201921910123)",08/01/2019,Active,Limited Liability Company - CA,CALIFORNIA,ARLENE MORALES
"NORTHWEST EGG DONORS, LLC (201716110096)",06/02/2017,Terminated,Limited Liability Company - CA,CALIFORNIA,ANNA MARIAH SWAN
Open ID Egg Donor Agency USA (5101034),06/01/2022,Inactive,Name Reservation,CALIFORNIA,NO AGENT
Open ID Egg Donor Agency USA (5171444),08/15/2022,Active,Stock Corporation - CA - General,CALIFORNIA,Natalie King
"STABLEIN SISTER'S EGG DONOR AND SURROGATE SERVICES, INC. (3151806)",06/25/2008,Suspended - FTB,Stock Corporation - CA - General,CALIFORNIA,LENNY ELIAS
"THE DONOR EGG BANK, INC. (2734514)",03/02/2005,Suspended - FTB,Stock Corporation - CA - General,CALIFORNIA,FRED ROSENMUND
"THE DONOR EGGSCHANGE, INC. (2369554)",12/18/2001,Terminated,Stock Corporation - CA - General,CALIFORNIA,DON SLOCUM
"THE FROZEN DONOR EGG PROGRAM, LLC (201234810292)",11/20/2012,Terminated,Limited Liability Company - CA,CALIFORNIA,SHELLEY SMITH
WEST COAST DONOR EGGS LLC (201918610424),07/02/2019,Suspended - SOS,Limited Liability Company - CA,CALIFORNIA,WENJUAN LUO
"A Magic Bean Fertility Consulting and Surrogacy, LLC (5903208)",09/13/2023,Active,Name Reservation,,NO AGENT
"ABC FERTILITY SURROGACY, INC. (4170822)",07/02/2018,Terminated,Stock Corporation - CA - General,CALIFORNIA,JIANMIN SHEN
"ACACIO FERTILITY CENTER, INC. (3085606)",02/06/2008,Active,Stock Corporation - CA - General,CALIFORNIA,BRIAN ACACIO
"ACUPUNCTURE FERTILITY CENTER, INC. (3217506)",06/29/2009,Suspended - FTB,Stock Corporation - CA - General,CALIFORNIA,JENEANNE V PADEN
ACUPUNCTURE FERTILITY SPECIALISTS LLC (201935810299),12/18/2019,Active,Limited Liability Company - CA,CALIFORNIA,SWASTI SHRESTHA
ACUPUNCTURE PAIN & FERTILITY SPECIALIST (4600342),06/08/2020,Active,Stock Corporation - CA - General,CALIFORNIA,AMJAD KHAN
"ADVANCED FERTILITY INSTITUTE, INC. (1809217)",07/28/1992,Active,Stock Corporation - CA - General,CALIFORNIA,STEVEN BRODY
ADVANCED FERTILITY OF CALIFORNIA CORP. (4804683),10/26/2021,Active,Stock Corporation - CA - General,CALIFORNIA,"LEGALZOOM.COM, INC."
AFMC Fertility LLC (202354819281),02/04/2023,Terminated,Limited Liability Company - CA,CALIFORNIA,FRANK FAN
"AILIN FERTILITY CENTER, INC. (4756425)",06/22/2021,Active,Stock Corporation - CA - General,CALIFORNIA,JAMES P LIN
AKIN FERTILITY FOUNDATION (4071044),10/03/2017,Suspended - FTB/SOS,Nonprofit Corporation - CA - Public Benefit,CALIFORNIA,SARA JENSEN
Allure Fertility LLC (202462913612),07/03/2024,Active,Limited Liability Company - CA,CALIFORNIA,Daniel Rychlik
ALLY FERTILITY LLC (201827610617),09/30/2018,Suspended - SOS,Limited Liability Company - CA,CALIFORNIA,CALIFORNIA REGISTERED AGENT INC
"ALTA FERTILITY LABORATORY, INC. (3158542)",08/18/2008,Terminated,Stock Corporation - CA - General,CALIFORNIA,RYSZARD CHETKOWSKI
AM Fertility LLC (202461515691),03/22/2024,Active,Limited Liability Company - CA,CALIFORNIA,Alyse Aricka Mencias
Amberia USA Fertility Consulting Service Inc. (5466620),01/25/2023,Active,Stock Corporation - CA - General,CALIFORNIA,Huashan Zhou
AMCAN FERTILITY GROUP (4808025),11/04/2021,Active,Stock Corporation - CA - General,CALIFORNIA,ROBERT TYLER
AmCan Fertility Medical Group (5548552),03/03/2023,Active,Stock Corporation - CA - General,CALIFORNIA,KRISTINE TYLER
AMCAN FERTILITY RESOURCES GROUP (4659596),10/31/2020,Active,Stock Corporation - CA - General,CALIFORNIA,ROBERT TYLER
AMERICA GLOBAL INFANT FERTILITY CONSULTING INC. (4009022),03/27/2017,Terminated,Stock Corporation - CA - General,CALIFORNIA,DAVID SAI HO LI
AMERICAN FERTILITY CALIFORNIA CORP (4809597),11/10/2021,Active,Stock Corporation - CA - General,CALIFORNIA,THOMAS LEE
"AMERICAN FERTILITY CENTER, INC. (3895753)",04/11/2016,Converted Out,Stock Corporation - CA - General,CALIFORNIA,XIAOYAN ZHENG
"AMERICAN FERTILITY CENTER, LLC (201905310978)",04/11/2016,Active,Limited Liability Company - CA,CALIFORNIA,XIAO YAN ZHENG
AMERICAN FERTILITY CONSULTING INC (4162756),06/11/2018,Suspended - FTB,Stock Corporation - CA - General,CALIFORNIA,XIAOYAN ZHENG
AMERICAN FERTILITY GROUP (3961185),11/07/2016,Terminated,Stock Corporation - CA - General,CALIFORNIA,JENNY WANG
"AMERICAN FERTILITY INSTITUTE, LLC (200713710314)",05/17/2007,Active,Limited Liability Company - CA,CALIFORNIA,KAREN ROEB
AMERICAN FERTILITY MANAGEMENT CORPORATION (4171071),07/03/2018,Active,Stock Corporation - CA - General,CALIFORNIA,SELENA LUO
AMERICAN FERTILITY MEDICAL CENTER CORPORATION (3977993),01/03/2017,Active,Stock Corporation - CA - General,CALIFORNIA,Selena Luo
AMERICAN FERTILITY PHARMACY LLC (201517710034),06/25/2015,Suspended - FTB/SOS,Limited Liability Company - CA,CALIFORNIA,BRENT KRULAC
AMERICAN FERTILITY SPECIALISTS MEDICAL GROUP INC. (3909582),05/25/2016,Active,Stock Corporation - CA - General,CALIFORNIA,ROCKET CORPORATE SERVICES INC.
American Quest For Fertility Inc. (6159623),03/25/2024,Active,Stock Corporation - CA - General,CALIFORNIA,"UNITED STATES CORPORATION AGENTS, INC."
"AQUA MARINE FERTILITY SYSTEMS, LLC. (200326310087)",09/17/2003,Suspended - FTB,Limited Liability Company - CA,CALIFORNIA,ANGELA E CRANDALL
ART FERTILITY LLC (201827410143),09/26/2018,Suspended - SOS,Limited Liability Company - CA,CALIFORNIA,HAMIDREZA JASON SABOURI
"ATLANTA CENTER FOR FERTILITY AND ENDOCRINOLOGY, P.C. (1913051)",09/13/1994,Terminated,Stock Corporation - Out of State - Stock,GEORGIA,CAMRAN NEZHAT
B COMING FERTILITY INC. (2610314),04/07/2004,Suspended - FTB,Stock Corporation - CA - General,CALIFORNIA,MARIA FLORES
"BABY STEPS FERTILITY, LLC (200903310169)",01/30/2009,Active,Limited Liability Company - CA,CALIFORNIA,ELIZABETH ROSE SILVERMAN
"BAY AREA FERTILITY INVESTMENT COMPANY, LLC (201609910113)",04/01/2016,Active,Limited Liability Company - CA,CALIFORNIA,SALLI TAZUKE
BLISS FERTILITY YOGA LLC (201332510100),11/21/2013,Terminated,Limited Liability Company - CA,CALIFORNIA,"LEGALZOOM.COM, INC."
BLISSFUL FERTILITY LLC (201810910089),04/05/2018,Active,Limited Liability Company - CA,CALIFORNIA,REPUBLIC REGISTERED AGENT INC.
BLOOM ACUPUNCTURE & FERTILITY (4593757),05/15/2020,Active,Stock Corporation - CA - General,CALIFORNIA,Industry Advisors
Blossom California Fertility INC (5944119),10/18/2023,Active,Stock Corporation - CA - General,CALIFORNIA,KAI SONG
Blue Sea Pacific Fertility Partners LLC (202462213015),05/09/2024,Active,Limited Liability Company - Out of State,DELAWARE,Gregory Wiles
"BRENTWOOD FERTILITY MEDICAL CLINIC, INC. (957943)",05/01/1980,Suspended - FTB/SOS,Stock Corporation - CA - General,CALIFORNIA,CRISOTORO GARZA
C&T FERTILITY CONSULTANT LLC (202128110448),10/06/2021,Active,Limited Liability Company - CA,CALIFORNIA,TINA S TAN
C.A.R.E. FERTILITY (3120436),05/19/2008,Active,Stock Corporation - CA - General,CALIFORNIA,RODOLFO QUINTERO
CALIFORNIA AUSPICIOUS FERTILITY MEDICAL INC. (4206009),10/22/2018,Terminated,Stock Corporation - CA - General,CALIFORNIA,MING JI
California Elite Fertility CEF LLC (202358217485),07/19/2023,Terminated,Limited Liability Company - CA,CALIFORNIA,Kaimin Wei
California Elite Fertility LLC (201903910560),02/05/2019,Active,Limited Liability Company - CA,CALIFORNIA,Xiaoyan Zheng
"CALIFORNIA ELITE FERTILITY, P.C. (4323727)",10/03/2019,Terminated,Stock Corporation - CA - General,CALIFORNIA,BOTROS RIZK
"CALIFORNIA FERTILITY CENTERS, A MEDICAL CORPORATION (3498122)",09/28/2012,Active,Stock Corporation - CA - General,CALIFORNIA,C T CORPORATION SYSTEM
"CALIFORNIA FERTILITY CLINIC, INC. (4669059)",11/27/2020,Active,Stock Corporation - CA - General,CALIFORNIA,CALIFORNIA REGISTERED AGENT INC
CALIFORNIA FERTILITY CLINICS LLC (202030910333),10/30/2020,Active,Limited Liability Company - CA,CALIFORNIA,MAN LI
CALIFORNIA FERTILITY CONSULTING FIRM LLC (201634310209),12/02/2016,Suspended - FTB/SOS,Limited Liability Company - CA,CALIFORNIA,YUAN JIN
"CALIFORNIA FERTILITY DEVICE, LLC (201713710200)",05/10/2017,Terminated,Limited Liability Company - CA,CALIFORNIA,MAN MAN KWOK
"CALIFORNIA FERTILITY EXPERTS, INC. (3525828)",12/21/2012,Active,Stock Corporation - CA - General,CALIFORNIA,PETER M POTENTE
CALIFORNIA FERTILITY LABS L.L.C. (202003910477),01/27/2020,Active,Limited Liability Company - CA,CALIFORNIA,COLLIN SMIKLE
"CALIFORNIA FERTILITY PARTNERS, A MEDICAL GROUP, P.C. (5045312)",04/12/2022,Active,Stock Corporation - CA - Professional,,C T CORPORATION SYSTEM
CALIFORNIA FERTILITY RESEARCH CENTER LLC (201722810389),08/11/2017,Terminated,Limited Liability Company - CA,CALIFORNIA,MAN MAN KWOK
"CALIFORNIA FERTILITY TRIP, LLC (201610210288)",04/04/2016,Suspended - FTB/SOS,Limited Liability Company - CA,CALIFORNIA,LI LI
"CALIFORNIA NORTH BAY FERTILITY MEDICAL ASSOCIATES, A PROFESSIONAL CORPORATION (2112143)",06/23/1998,Terminated,Stock Corporation - CA - Professional,CALIFORNIA,STEVEN T DODGE
"CARE FERTILITY HOLDINGS, LLC (201725010114)",08/31/2017,Active,Limited Liability Company - CA,CALIFORNIA,"LEGALZOOM.COM, INC."
"CARE FERTILITY SURGERY CENTER, INC (3276598)",02/02/2010,Active,Stock Corporation - CA - General,CALIFORNIA,"LEGALZOOM.COM, INC."
CARROT FERTILITY INC. (3938669),08/22/2016,Active,Stock Corporation - Out of State - Stock,DELAWARE,CSC - LAWYERS INCORPORATING SERVICE
Center for Endometriosis and Fertility (5805591),07/03/2023,Active,Stock Corporation - CA - Professional,CALIFORNIA,sadikah F Behbehani
"CENTER FOR FERTILITY AND GYNECOLOGY, A PROFESSIONAL CORPORATION (3188415)",02/13/2009,Terminated,Stock Corporation - CA - Professional,CALIFORNIA,MICHAEL VERMESH
"CENTER FOR FERTILITY AND GYNECOLOGY, INC. (3720690)",10/21/2014,Terminated,Stock Corporation - CA - General,CALIFORNIA,MICHAEL VERMESH
"CENTER FOR FERTILITY AND GYNECOLOGY, INC. (3745508)",01/14/2015,Active,Stock Corporation - CA - General,CALIFORNIA,"MICHAEL VERMESH, M.D."
"CERES FERTILITY, A CALIFORNIA CORPORATION (2283190)",06/11/2001,Suspended - FTB,Stock Corporation - CA - General,CALIFORNIA,
"Cherish Fertility, Inc. (5278064)",10/04/2022,Active,Stock Corporation - CA - General,CALIFORNIA,Sara Adams
Coastal Fertility Medical Center Inc. (5577747),03/16/2023,Terminated,Stock Corporation - CA - General,CALIFORNIA,Jenny Tang
Collab Fertility Inc. (5247314),09/14/2022,Active,Stock Corporation - CA - General,CALIFORNIA,"NATIONAL REGISTERED AGENTS, INC."
"Collab Fertility Medical Inc., a Medical Corporation (5931280)",10/18/2023,Active,Stock Corporation - CA - Professional,CALIFORNIA,Thalia Segal M.D.
"COMPREHENSIVE HEALTH FOR ALL FERTILITY MEDICAL GROUP, INC. (2345398)",05/22/2001,Active,Stock Corporation - CA - General,CALIFORNIA,JOHN LIM
Conceive Well Functional Fertility LLC (202360210871),12/20/2023,Active,Limited Liability Company - CA,CALIFORNIA,Brianna Regine Batchelor
Conception Fertility LLC (202461119460),02/27/2024,Active,Limited Liability Company - CA,CALIFORNIA,Danielle Lane
"CORONA FERTILITY CENTER, INC. (3507144)",09/17/2012,Terminated,Stock Corporation - CA - General,CALIFORNIA,BARRY R. GORE
"CULTIVATE FERTILITY, LLC (202128710844)",10/14/2021,Active,Limited Liability Company - Out of State,CONNECTICUT,HILLARY FREDRICKSON
CUSTOM FERTILITY LLC (201835610234),12/22/2018,Terminated,Limited Liability Company - CA,CALIFORNIA,"LEGALZOOM.COM, INC."
DE BOURBON-MONTENEGRO FERTILITY CENTER (5384061),12/20/2022,Active,Nonprofit Corporation - CA - Religious,CALIFORNIA,CARLOS DE BOURBON-MONTENEGRO
"DR. FERTILITY, LLC (201831810036)",11/09/2018,Active,Limited Liability Company - Out of State,DELAWARE,TOM MILLS
"DREAM FERTILITY CENTER, INC. (4274511)",05/06/2019,Terminated,Stock Corporation - CA - General,CALIFORNIA,FANGYIN MENG
DREAMCOURIER FERTILITY LLC (201827810213),10/02/2018,Active,Limited Liability Company - CA,CALIFORNIA,HAO LU
"EAST BAY FERTILITY CENTER, INC. (3052633)",11/02/2007,Suspended - FTB,Stock Corporation - CA - General,CALIFORNIA,ELLEN SNOWDEN
"EAST BAY FERTILITY-OB-GYN, MEDICAL GROUP, INC. (648401)",03/31/1972,Terminated,Stock Corporation - CA - General,CALIFORNIA,RICHARD RUDD M.D.
"EDEN FERTILITY CENTER OF NEWPORT BEACH, PC (4271036)",04/26/2019,Terminated,Stock Corporation - CA - Professional,CALIFORNIA,
"EDEN FERTILITY CENTER OF SAN DIEGO, PC (4271037)",04/26/2019,Suspended - FTB,Stock Corporation - CA - Professional,CALIFORNIA,BRUCE DIZENFELD
"EDEN FERTILITY CENTERS DEVELOPMENT, LLC (201830510245)",10/30/2018,Suspended - FTB,Limited Liability Company - CA,CALIFORNIA,PETER DENG
"EDEN FERTILITY MANAGEMENT, LLC (201735210035)",12/15/2017,Active,Limited Liability Company - Out of State,DELAWARE,PETER DENG
"EDEN FERTILITY MANAGEMENT-SAN DIEGO, LLC (201830510239)",10/30/2018,Suspended - FTB,Limited Liability Company - CA,CALIFORNIA,XUYANG DENG
"ELITE FERTILITY CENTER, A PROFESSIONAL MEDICAL CORPORATION (3576775)",06/11/2013,Suspended - FTB,Stock Corporation - CA - Professional,CALIFORNIA,JOCYLANE DINSAY
ELITE FERTILITY SOLUTIONS (2305667),02/15/2001,Active,Stock Corporation - CA - General,CALIFORNIA,SHERYL ANDERSON
Elsa Fertility Incorporated (5833002),07/24/2023,Active,Stock Corporation - Out of State - Stock,DELAWARE,CORPORATION SERVICE COMPANY WHICH WILL DO BUSINESS IN CALIFORNIA AS CSC - LAWYERS INCORPORATING SERVICE
"EMBER FERTILITY CENTER, P.C. (4592923)",05/08/2020,Active,Stock Corporation - CA - General,CALIFORNIA,MINYI ZHANG
"Empower Fertility Labs, LLC (202358713958)",08/22/2023,Active,Limited Liability Company - CA,CALIFORNIA,Dan Rychlik
"Empower Fertility, LLC (202358611437)",08/14/2023,Active,Limited Liability Company - CA,CALIFORNIA,Daniel Frank Rychlik
"ENDOSCOPY AND FERTILITY CENTER, A MEDICAL CORPORATION (2182298)",11/08/1999,Active,Stock Corporation - CA - General,CALIFORNIA,CAMRAN NEZHAT
"Enliven Fertility and Family Counseling Center, PC (5987938)",11/22/2023,Active,Stock Corporation - CA - Professional,CALIFORNIA,Hillary Mastrosimone
EVE FERTILITY LLC (202112011132),04/28/2021,Active,Limited Liability Company - CA,CALIFORNIA,CHARLES LEE
"FAMILY FERTILITY CENTER, INC. (2123067)",10/06/1998,Suspended - FTB,Stock Corporation - CA - General,CALIFORNIA,MARILYN BUTTERFIELD
"FAMILY FERTILITY CRYOBANK, INC. (3940691)",08/29/2016,Active,Stock Corporation - CA - General,CALIFORNIA,MEL I COHEN
"FERTILITY & SURGICAL CENTER, INC. (4557866)",01/23/2020,Active,Stock Corporation - CA - General,CALIFORNIA,JOHN GOLDBERG
"FERTILITY (ITC) SERVICES, LLC (202126310070)",09/16/2021,Active,Limited Liability Company - Out of State,DELAWARE,CORPORATION SERVICE COMPANY WHICH WILL DO BUSINESS IN CALIFORNIA AS CSC - LAWYERS INCORPORATING SERVICE
Fertility Acupuncture Centers (5009498),04/09/2022,Inactive,Name Reservation,CALIFORNIA,NO AGENT
FERTILITY ADVOCATE MD (4857090),03/08/2022,Active,Stock Corporation - CA - General,CALIFORNIA,ATENA ASIAII
Fertility AI (5418551),01/06/2023,Active,Nonprofit Corporation - CA - Public Benefit,CALIFORNIA,Lynette Renee Amador
"FERTILITY ALTERNATIVES, INC. (2257648)",07/28/2000,Terminated,Stock Corporation - CA - General,CALIFORNIA,DAWN T HUNT
"FERTILITY AND EMBRYOLOGY CONSULTANTS, INC. (3490556)",06/25/2012,Terminated,Stock Corporation - CA - General,CALIFORNIA,FANNIE CHAN
"FERTILITY AND GENETICS RESEARCH, INC. (1527895)",04/08/1986,Forfeited - FTB,Stock Corporation - Out of State - Stock,ILLINOIS,UNITED STATES CORPORATION COMPANY
"FERTILITY AND SURROGACY LEGAL GROUP, APC (3763782)",03/05/2015,Active,Stock Corporation - CA - Professional,CALIFORNIA,RICHARD A GEISLER
"FERTILITY ANGELS, INC. (2975946)",03/27/2007,Terminated - FTB Admin,Nonprofit Corporation - CA - Public Benefit,CALIFORNIA,PAUL WALKER
"FERTILITY AWARENESS, INC. (1020586)",03/12/1981,Terminated - FTB Admin,Nonprofit Corporation - CA - Public Benefit,CALIFORNIA,BARBARA KASS-ANNESE
"FERTILITY BRIDGES, INC (3883993)",03/09/2016,Active,Stock Corporation - CA - General,CALIFORNIA,JENNA DeFord
FERTILITY BUTLER LLC (202007110948),03/03/2020,Active,Limited Liability Company - CA,CALIFORNIA,REPUBLIC REGISTERED AGENT INC.
"FERTILITY CARE OF ORANGE COUNTY, A MEDICAL CORPORATION (2333101)",02/22/2001,Active,Stock Corporation - CA - General,CALIFORNIA,CHANGNIN TERENCE LEE
"Fertility Center of California, Inc. (5378740)",12/16/2022,Inactive,Name Reservation,CALIFORNIA,NO AGENT
"Fertility Center of California, Inc. (5386370)",12/21/2022,Active,Stock Corporation - CA - General,CALIFORNIA,MARTIN D BASTUBA
FERTILITY CENTER OF LOS ANGELES (528967),06/29/1967,Terminated,Nonprofit Corporation - CA - General,CALIFORNIA,
"FERTILITY CENTER OF SOUTHERN CALIFORNIA, A MEDICAL GROUP, INC. (2257949)",08/17/2000,Active,Stock Corporation - CA - General,CALIFORNIA,ILENE HATCH
"FERTILITY CENTER PARTNERS, L.P. (199227400007)",09/28/1992,Terminated,Limited Partnership - CA,CALIFORNIA,
"FERTILITY CENTERS OF ORANGE COUNTY, A MEDICAL GROUP, INC. (3859622)",01/08/2016,Active,Stock Corporation - CA - General,CALIFORNIA,C T CORPORATION SYSTEM
"FERTILITY CENTERS OF ORANGE COUNTY, INC. (3864249)",01/13/2016,Terminated,Stock Corporation - CA - General,CALIFORNIA,JOYCELYN REYES
FERTILITY CLOUD CORPORATION (4581207),03/25/2020,Active,Stock Corporation - Out of State - Stock,DELAWARE,CSC - LAWYERS INCORPORATING SERVICE
"FERTILITY CONCIERGE SERVICES, LLC (201321110098)",07/29/2013,Suspended - FTB/SOS,Limited Liability Company - CA,CALIFORNIA,JACQLYNROUGH
FERTILITY CONNECTIONS (2438966),02/13/2004,Active,Stock Corporation - CA - General,CALIFORNIA,SHERRI BARR
FERTILITY CONTROL (562935),02/14/1969,Suspended - FTB,Stock Corporation - CA - General,CALIFORNIA,
"FERTILITY COUNCIL, LLC (201304010241)",01/08/2013,Suspended - FTB/SOS,Limited Liability Company - CA,CALIFORNIA,CIARA POLIKRETIS
"FERTILITY COUNSELING CENTER, INC. (4183820)",08/13/2018,Active,Stock Corporation - CA - General,CALIFORNIA,ELLEN WINTERS MILLER
"FERTILITY COUNSELING SERVICES, INC., A PROFESSIONAL PSYCHOLOGY CORPORATION (2823828)",01/09/2006,Terminated,Stock Corporation - CA - Professional,CALIFORNIA,"REGISTERED AGENT SOLUTIONS, INC."
"FERTILITY CRYOBANK, LLC (200519310009)",07/07/2005,Suspended - FTB/SOS,Limited Liability Company - CA,CALIFORNIA,Stuart Bell
"Fertility Dewla, LLC (202113510029)",05/15/2021,Active,Limited Liability Company - CA,CALIFORNIA,TALOR HAWKINS
"Fertility Dewla, LLC (5584075)",04/05/2023,Inactive,Name Reservation,CALIFORNIA,NO AGENT
"FERTILITY DRINKS, LLC (201308010500)",03/21/2013,Terminated,Limited Liability Company - CA,CALIFORNIA,DANIEL FREY
FERTILITY EDUCATION CORPORATION (2296909),06/27/2003,Terminated - FTB Admin,Nonprofit Corporation - CA - Mutual Benefit,CALIFORNIA,STEVEN S RICHTER
Fertility Endurance LLC (202356913010),05/02/2023,Active,Limited Liability Company - CA,CALIFORNIA,ZENBUSINESS INC.
"FERTILITY ESCROW SERVICES, INC. (3562120)",03/26/2013,Active,Stock Corporation - CA - General,CALIFORNIA,CAROL DUBEAU
FERTILITY EXPLAINED LLC (201902910546),01/24/2019,Active,Limited Liability Company - CA,CALIFORNIA,REPUBLIC REGISTERED AGENT INC.
Fertility Family Services Inc. (5057516),05/03/2022,Active,Stock Corporation - CA - Professional,CALIFORNIA,Gary K Daglian
"FERTILITY FITNESS COACH, LLC (200914910205)",05/26/2009,Terminated,Limited Liability Company - CA,CALIFORNIA,SANDRA CHASNOFF LILIENSTEIN
FERTILITY FOR ALL FOUNDATION (3540133),01/23/2013,Suspended - FTB,Nonprofit Corporation - CA - Public Benefit,CALIFORNIA,KYLE FRANCIS
FERTILITY FORWARD LLC (201930210624),10/24/2019,Active,Limited Liability Company - CA,CALIFORNIA,LESLIE FEINGERTS
"FERTILITY FRAMEWORK, INC. (4257852)",03/21/2019,Active,Stock Corporation - CA - General,CALIFORNIA,BRIAN D. ALEXANDER
"FERTILITY FUTURES INTERNATIONAL, LLC (200226010048)",09/11/2002,Merged Out,Limited Liability Company - CA,CALIFORNIA,
FERTILITY GLOBAL CONSULTING LLC (201805210478),02/06/2018,Active,Limited Liability Company - CA,CALIFORNIA,"PACIFIC INTERNATIONAL CPA, AN ACCOUNTANCY CORPORATION"
FERTILITY GUIDANCE TECHNOLOGIES (4607341),06/25/2020,Active,Stock Corporation - CA - General,CALIFORNIA,Carol Lynn Curchoe Burton
Fertility Health Center LP (202461305478),03/27/2024,Active,Limited Partnership - CA,CALIFORNIA,Rifaat Salem
"FERTILITY HEALTH SERVICES, LLC (201116610112)",06/03/2011,Suspended - FTB/SOS,Limited Liability Company - CA,CALIFORNIA,KYLE FRANCIS
"FERTILITY HEALTHCARE SUPPLIES, INC. (2487791)",02/14/2003,Terminated,Stock Corporation - CA - General,CALIFORNIA,JAMES S MORSE
Fertility Heros LLC (202357118967),05/15/2023,Active,Limited Liability Company - CA,CALIFORNIA,Dylan C Keezell
FERTILITY HOPES (4051653),08/01/2017,Suspended - FTB/SOS,Nonprofit Corporation - CA - Public Benefit,CALIFORNIA,FARIBORZ IZADYAR
FERTILITY INC. (3233100),08/19/2009,Suspended - FTB/SOS,Stock Corporation - CA - General,CALIFORNIA,THEODORE HSIUNG
"FERTILITY INSTITUTE OF CALIFORNIA, INC. (1198363)",08/11/1987,Suspended - FTB/SOS,Stock Corporation - CA - General,CALIFORNIA,GLENN A ZORN
"FERTILITY INSTITUTE OF SAN DIEGO, PC. (3638005)",01/17/2014,Active,Stock Corporation - CA - Professional,CALIFORNIA,STEVEN R YOUNG
FERTILITY INSTITUTE REPRODUCTIVE LABORATORY INC. (4559517),01/27/2020,Active,Stock Corporation - CA - General,CALIFORNIA,STEVEN YOUNG
"FERTILITY INSTITUTE, INC. (252680)",03/26/1951,Suspended - FTB,Nonprofit Corporation - CA - General,CALIFORNIA,
"FERTILITY INSTITUTE, INC. (895296)",08/21/1978,Suspended - FTB,Nonprofit Corporation - CA - Public Benefit,CALIFORNIA,
FERTILITY INSURANCE SERVICES INC. (4058844),08/23/2017,Active,Stock Corporation - CA - General,CALIFORNIA,KATHLEEN ANNE HARDY
"FERTILITY KING, INC. (906199)",12/20/1978,Suspended - FTB,Stock Corporation - CA - General,CALIFORNIA,KENT B CASADY
"FERTILITY LAB SCIENCES OF ORANGE COUNTY, LLC (201521910296)",08/06/2015,Active,Limited Liability Company - Out of State,DELAWARE,C T CORPORATION SYSTEM
"FERTILITY LAB SCIENCES, LLC (201504010069)",02/05/2015,Terminated,Limited Liability Company - Out of State,DELAWARE,C T CORPORATION SYSTEM
"FERTILITY LABORATORY CONSULTANTS, INC. (4696143)",02/05/2021,Active,Stock Corporation - Out of State - Stock,MASSACHUSETTS,AFTAB AHMED
FERTILITY LAW CONNECTIONS LTD. LIABILITY COMPANY (201905810358),02/22/2019,Suspended - SOS,Limited Liability Company - CA,CALIFORNIA,JOSEPH SINGLETON
"Fertility Law Group, APC (6241474)",05/23/2024,Active,Stock Corporation - CA - Professional,CALIFORNIA,Inga Sanders
"FERTILITY MARKETING, LLC (201027010102)",08/30/2010,Terminated,Limited Liability Company - CA,CALIFORNIA,CONSTANZE K TAYLOR
"FERTILITY MONITOR, INC. (1569404)",08/07/1990,Suspended - FTB,Stock Corporation - CA - General,CALIFORNIA,MARIE THERESE VILLANUEVA UNSON
FERTILITY MONITORING NURSING INC. (3399339),07/22/2011,Terminated,Stock Corporation - CA - General,CALIFORNIA,"LEGALZOOM.COM, INC."
"FERTILITY NEXUS, LLC (201203810108)",12/22/2011,Active,Limited Liability Company - CA,CALIFORNIA,Natalie Woods
"FERTILITY NUTRACEUTICALS, LLC (202007010147)",02/26/2020,Active,Limited Liability Company - Out of State,DELAWARE,CSC - LAWYERS INCORPORATING SERVICE
FERTILITY OPTIONS LLC (202018110513),06/25/2020,Active,Limited Liability Company - CA,CALIFORNIA,"LEGALZOOM.COM, INC."
"FERTILITY ORGANICS, LLC (201819910144)",07/12/2018,Active,Limited Liability Company - Out of State,NEVADA,NO AGENT
"FERTILITY PHYSICIANS OF NORTHERN CALIFORNIA, A MEDICAL GROUP, A CALIFORNIA CORPORATION (1590999)",07/14/1987,Terminated,Stock Corporation - CA - General,CALIFORNIA,GEOFFREY DAVID ADAMSON
"FERTILITY PLAN LABS, INC. (5882687)",08/29/2023,Terminated,Stock Corporation - Out of State - Stock,DELAWARE,FILEJET INC.
FERTILITY PLANIT LLC (200919010021),07/08/2009,Terminated,Limited Liability Company - CA,CALIFORNIA,KARIN THAYER
Fertility plug LLC (202252312750),09/05/2022,Active,Limited Liability Company - CA,CALIFORNIA,April Gonzalez
FERTILITY PLUS INSURANCE SERVICES LLC (202021210050),07/28/2020,Active,Limited Liability Company - CA,CALIFORNIA,ANDREW BURNS
"FERTILITY PROJECT, LLC (202201310530)",01/11/2022,Active,Limited Liability Company - CA,CALIFORNIA,KATHERINE MCCLURE
"FERTILITY PROVIDER GROUP, LLC (201313510134)",04/17/2013,Terminated,Limited Liability Company - CA,CALIFORNIA,NATHAN SNYDER
FERTILITY PSYCHOLOGIST INC. (4271221),04/26/2019,Terminated,Stock Corporation - CA - General,CALIFORNIA,"LEGALINC REGISTERED AGENTS, INC."
FERTILITY RESEARCH PRODUCTS CORPORATION (1320768),10/11/1984,Terminated,Stock Corporation - CA - General,CALIFORNIA,JON BYK
"FERTILITY RESOURCE CENTERS, LLC. (200421010004)",07/26/2004,Terminated,Limited Liability Company - CA,CALIFORNIA,STEVEN N MASLER
"FERTILITY SEARCH, INC. (4625175)",08/06/2020,Active,Stock Corporation - CA - General,CALIFORNIA,"REGISTERED AGENT SOLUTIONS, INC."
"FERTILITY SPECIALISTS MEDICAL GROUP, INC. (2226672)",03/28/2000,Active,Stock Corporation - CA - General,CALIFORNIA,ARLENE MORALES
"FERTILITY STORAGE SOLUTIONS, LLC (201901710981)",01/11/2019,Active,Limited Liability Company - Out of State,DELAWARE,CORPORATION SERVICE COMPANY WHICH WILL DO BUSINESS IN CALIFORNIA AS CSC - LAWYERS INCORPORATING SERVICE
"FERTILITY TECHNOLOGIES, INC. (1912636)",09/02/1994,Terminated,Stock Corporation - Out of State - Stock,MASSACHUSETTS,MICHAEL ORTIZ
"FERTILITY TOMORROW, LLC (200717810331)",05/25/2007,Active,Limited Liability Company - CA,CALIFORNIA,CATHERINE WELCH MI
Fertility Traction Inc. (5388527),12/22/2022,Active,Stock Corporation - CA - General,CALIFORNIA,Julianna Nikolic
FERTILITY UNITED LLC (201906310525),02/27/2019,Terminated,Limited Liability Company - CA,CALIFORNIA,ALLYSE ALEX
"FERTILITY WARRIOR, INC. (3650340)",02/25/2014,Active,Nonprofit Corporation - CA - Public Benefit,CALIFORNIA,TERESA BASTUBA
"Fertility Wellness Co, LLC (202354315191)",01/12/2023,Active,Limited Liability Company - CA,CALIFORNIA,Alyssa Hustedt
"FERTILITY, GYNECOLOGY & ENDOCRINOLOGY MEDICAL CLINIC, INC. (764144)",02/25/1976,Suspended - FTB/SOS,Stock Corporation - CA - General,CALIFORNIA,BARTON S GLASER
FertilityFAM LLC (202253318515),11/16/2022,Active,Limited Liability Company - CA,CALIFORNIA,Atalie Bernstein
FERTILITYTIES (2976254),03/28/2007,Active,Stock Corporation - CA - General,CALIFORNIA,VERONICA M ALVAREZ
FIRST STEP FERTILITY INC (4850815),02/19/2022,Active,Stock Corporation - CA - General,CALIFORNIA,WENQUAN XUE
FIRST STOP FERTILITY & LACTATION LLC (202131410799),11/08/2021,Active,Limited Liability Company - CA,CALIFORNIA,DANIELLE CURTIS
Food and Fertility LLC (202461818659),04/16/2024,Active,Limited Liability Company - CA,CALIFORNIA,ZENBUSINESS INC.
"FPA FERTILITY MEDICAL GROUP, INC. (4777425)",08/13/2021,Active,Stock Corporation - CA - General,CALIFORNIA,IRVING M. FELDKAMP
FRESH FOCUS FERTILITY LLC (201136210061),12/19/2011,Terminated,Limited Liability Company - CA,CALIFORNIA,"LEGALZOOM.COM, INC."
FRIENDS IN FERTILITY LLC (201907010191),03/06/2019,Terminated,Limited Liability Company - CA,CALIFORNIA,KYLEE A PUCCI
"FSAC FERTILITY, INC. (2042134)",01/12/1999,Active,Stock Corporation - CA - General,CALIFORNIA,JAMES G. MORRIS
FULL FERTILITY LLC (202020010036),07/18/2020,Active,Limited Liability Company - CA,CALIFORNIA,GABRIELLA BENHAGHNAZAR
GEN 5 FERTILITY CENTER LLC (202009310705),03/31/2020,Active,Limited Liability Company - CA,CALIFORNIA,KRISTINE TYLER
"GEN 5 FERTILITY CENTER, P.C. (4099547)",01/16/2018,Active,Stock Corporation - CA - General,CALIFORNIA,SAMUEL WOOD
GENPRIME FERTILITY CALIFORNIA INC. (4705374),02/25/2021,Active,Stock Corporation - CA - General,CALIFORNIA,WEI HUANG
"GENTLE TOUCH FERTILITY NURSING SERVICES, INC. (3926814)",07/01/2016,Active,Stock Corporation - CA - General,CALIFORNIA,SOPHIE SHARABI
Giving Hope Fertility Services Inc. (202252117162),08/24/2022,Active,Stock Corporation - CA - General,CALIFORNIA,"LEGALZOOM.COM, INC."
"GLOBAL FERTILITY CONCEPTS, LLC (201606110189)",02/23/2016,Terminated,Limited Liability Company - CA,CALIFORNIA,SHAHLA MELAMED
"GLOBAL FERTILITY CONCEPTS, LLC (201903610483)",01/31/2019,Active,Limited Liability Company - CA,CALIFORNIA,SHAHLA MELAMED
GLOBAL FERTILITY MARKET INC. (4534977),12/09/2019,Forfeited - FTB,Stock Corporation - Out of State - Stock,DELAWARE,QIAN WU
"GLOBAL FERTILITY SERVICES, INC. (3389570)",06/29/2011,Suspended - FTB/SOS,Stock Corporation - CA - General,CALIFORNIA,MARILYN G BUTTERFIELD
GLOBAL PREMIER FERTILITY - INLAND EMPIRE LLC (202126510289),09/20/2021,Terminated,Limited Liability Company - CA,CALIFORNIA,C T CORPORATION SYSTEM
"GLOBAL PREMIER FERTILITY - INLAND EMPIRE, PC (4794950)",09/28/2021,Terminated,Stock Corporation - CA - Professional,CALIFORNIA,C T CORPORATION SYSTEM
"GLOBAL PREMIER FERTILITY - LAGUNA HILLS, PC (4239984)",02/07/2019,Active,Stock Corporation - CA - Professional,CALIFORNIA,C T CORPORATION SYSTEM
GLOBAL PREMIER FERTILITY - LOS ANGELES LLC (202206410111),03/03/2022,Active,Limited Liability Company - CA,CALIFORNIA,C T CORPORATION SYSTEM
"GLOBAL PREMIER FERTILITY - LOS ANGELES, PC (4857796)",03/03/2022,Active,Stock Corporation - CA - Professional,CALIFORNIA,C T CORPORATION SYSTEM
"GLOBAL PREMIER FERTILITY - ORANGE COUNTY, LLC (202014010355)",05/17/2020,Active,Limited Liability Company - CA,CALIFORNIA,C T CORPORATION SYSTEM
"GLOBAL PREMIER FERTILITY - ORANGE COUNTY, PC (4591956)",05/07/2020,Active,Stock Corporation - CA - Professional,CALIFORNIA,C T CORPORATION SYSTEM
Global Premier Fertility RHW Clinic LLC (202250518810),05/04/2022,Active,Limited Liability Company - CA,CALIFORNIA,C T CORPORATION SYSTEM
Global Premier Fertility RHW Lab LLC (202250518796),05/04/2022,Active,Limited Liability Company - CA,CALIFORNIA,C T CORPORATION SYSTEM
"Global Premier Fertility, LLC (202250910902)",05/24/2022,Active,Limited Liability Company - Out of State,DELAWARE,C T CORPORATION SYSTEM
GRACE FERTILITY LLC (201918910280),07/03/2019,Terminated,Limited Liability Company - CA,CALIFORNIA,OLGA LUCIA DIAZ CHAVEZ
"HARVEST FERTILITY, LLC (201701710319)",01/04/2017,Active,Limited Liability Company - CA,CALIFORNIA,C JOSEPH CHANG
"HEALTHPOINT FERTILITY HOLDINGS, LLC (202033910372)",12/03/2020,Active,Limited Liability Company - CA,CALIFORNIA,GREG HORNER
Heritage Fertility LLC (202357616056),06/11/2023,Active,Limited Liability Company - CA,CALIFORNIA,Dylan C Keezell
HOLISTIC FERTILITY INSTITUTE INC (4665919),11/20/2020,Suspended - FTB,Stock Corporation - CA - General,CALIFORNIA,AUMATMA SIMMONS
"HOPE FERTILITY AND GYNECOLOGY, INC. (2780173)",05/27/2005,Terminated,Stock Corporation - CA - General,CALIFORNIA,SE UNG SAMUEL KIM
HOPE FERTILITY CONSULTING INC. (3928780),07/19/2016,Active,Stock Corporation - CA - General,CALIFORNIA,MINGMING WANG
HOPE FERTILITY JOURNEY (6048411),01/09/2024,Active,Nonprofit Corporation - CA - Mutual Benefit,CALIFORNIA,KENNY L ESCOBAR
"HRC FERTILITY MANAGEMENT, LLC (201625210386)",09/08/2016,Active,Limited Liability Company - Out of State,DELAWARE,COGENCY GLOBAL INC.
"HUNTINGTON PLAZA OBSTETRICAL, GYNECOLOGICAL AND FERTILITY MEDICAL GROUP, INC. (1632025)",12/31/1988,Terminated,Stock Corporation - CA - General,CALIFORNIA,ROCHELLE WEIGHT
IBABY FERTILITY SOLUTIONS INC. (5501174),02/09/2023,Active,Stock Corporation - CA - General,CALIFORNIA,DAN CHEN
INCINTA FERTILITY CENTER L.L.C. (201619410088),07/05/2016,Active,Limited Liability Company - CA,CALIFORNIA,dongsheng zhou
INCINTA FERTILITY CLINIC CORP. (4551525),01/28/2020,Terminated,Stock Corporation - CA - General,CALIFORNIA,GARY F WANG
INCINTA FERTILITY CORP. (4305137),08/12/2019,Terminated,Stock Corporation - CA - General,CALIFORNIA,CORP2000
INCINTA FERTILITY INVESTMENT. LLC (201811610323),04/13/2018,Active,Limited Liability Company - Out of State,DELAWARE,dongsheng zhou
INCINTA FERTILITY MANAGEMENT.LLC (201814210399),05/11/2018,Active,Limited Liability Company - Out of State,DELAWARE,dongsheng zhou
INCIRCLE FERTILITY LLC (202024510634),08/28/2020,Active,Limited Liability Company - CA,CALIFORNIA,SIMON ROSENBERG
INLAND EMPIRE FERTILITY CENTER MEDICAL CORPORATION (1660300),02/13/1990,Suspended - FTB,Stock Corporation - CA - General,CALIFORNIA,ELLIOTT EDES
"INNOVATIVE FERTILITY CENTER, A PROFESSIONAL MEDICAL CORPORATION (3270376)",01/07/2010,Active,Stock Corporation - CA - Professional,CALIFORNIA,GREG WALLACE
INSTITUTE FOR FERTILITY RESEARCH (1822837),06/08/1992,Terminated,Nonprofit Corporation - CA - Public Benefit,CALIFORNIA,B. DANIEL SIKICH
INTEGRATIVE FERTILITY LLC (201914810789),05/22/2019,Active,Limited Liability Company - CA,CALIFORNIA,RACHEL REBECCA HEMPHILL
"INTERNATIONAL CENTER OF FERTILITY LAW, PC (2900753)",08/02/2006,Suspended - FTB/SOS,Stock Corporation - CA - Professional,CALIFORNIA,THERESA ERICKSON
"INTERNATIONAL FERTILITY CONCEPTS, LLC (201734010235)",11/30/2017,Suspended - FTB,Limited Liability Company - CA,CALIFORNIA,JACQLYN ROUGH
"INTERNATIONAL FERTILITY INSURANCE SOLUTIONS, LLC (201925210263)",08/30/2019,Active,Limited Liability Company - Out of State,MASSACHUSETTS,CORPORATE CREATIONS NETWORK INC.
INTERNATIONAL FERTILITY SERVICE INC. (3281683),03/01/2010,Active,Stock Corporation - CA - General,CALIFORNIA,dongsheng zhou
"IN-VIVO FERTILITY MEDICAL GROUP, INC. (2345862)",06/01/2001,Suspended - FTB,Stock Corporation - CA - General,CALIFORNIA,MICHAEL A DOWELL
"IN-VIVO FERTILITY, INC. (2345863)",06/01/2001,Suspended - FTB,Stock Corporation - CA - General,CALIFORNIA,MICHAEL A DOWELL
IUI at Home SF - Men and Women's Health and Fertility Clinic (5932125),10/17/2023,Active,Stock Corporation - CA - Professional,CALIFORNIA,"MYCORPORATION BUSINESS SERVICES, INC."
IVY FERTILITY GROUP LLC (201900410604),01/01/2019,Terminated,Limited Liability Company - CA,CALIFORNIA,ENCHENG CHENG
IXCHEL FERTILITY SERVICES LLC (201435410366),12/19/2014,Terminated,Limited Liability Company - CA,CALIFORNIA,MARY FRANCIS-HERNANDEZ
JHI FERTILITY CENTER LLC (201612410263),04/26/2016,Terminated,Limited Liability Company - CA,CALIFORNIA,JIHONG DENG
KINDRED FERTILITY LLC (201935110236),12/12/2019,Active,Limited Liability Company - CA,CALIFORNIA,CATHERINE WELCH
"KLEIN FERTILITY LAW, APC (4011841)",04/12/2017,Active,Stock Corporation - CA - Professional,CALIFORNIA,BRIAN KLEIN
"L/COL. WILLIAM L. FITCH MEMORIAL NATURAL FERTILITY APPRECIATION CENTER, INC. (1275123)",05/08/1985,Terminated - FTB Admin,Nonprofit Corporation - CA - Public Benefit,CALIFORNIA,ANNE FITCH-DECECCHI
"LA - OC FERTILITY HOLDINGS, INC. (4690871)",01/19/2021,Active,Stock Corporation - CA - General,CALIFORNIA,"MADDEN, JONES, COLE & JOHNSON, A PROFESSIONAL CORPORATION"
"LA/OC FERTILITY, INC. (3682651)",06/09/2014,Active,Stock Corporation - CA - General,CALIFORNIA,C T CORPORATION SYSTEM
LABRYO FERTILITY CENTER (4806817),11/01/2021,Active,Stock Corporation - CA - General,CALIFORNIA,MOLLY CHU-CHEN
"LANE FERTILITY INSTITUTE FOR EDUCATION AND RESEARCH, INC. (3940851)",08/29/2016,Suspended - FTB,Nonprofit Corporation - CA - Public Benefit,CALIFORNIA,DANIELLE LANE
"LANE FERTILITY PROCEDURE CENTER, LLC (201035610121)",12/15/2010,Suspended - FTB,Limited Liability Company - CA,CALIFORNIA,DANIELLE LANE
LATINOS UNIDOS FERTILITY CLINIC (5570945),03/14/2023,Active,Nonprofit Corporation - CA - Religious,CALIFORNIA,CARLOS ANTONIO DE BOURBON MONTENEGRO
"LAUREL FERTILITY CARE, A PROFESSIONAL MEDICAL CORPORATION (2739444)",05/16/2005,Active,Stock Corporation - CA - Professional,CALIFORNIA,Joanna M Wald Esq
Legacy Fertility LLC (202356411055),04/11/2023,Active,Limited Liability Company - CA,CALIFORNIA,ZENBUSINESS INC.
"Les Petit Fertility Consulting and Surrogacy, LLC (5903196)",09/13/2023,Inactive,Name Reservation,CALIFORNIA,NO AGENT
"Les Petit Fertility, LLC (5903268)",09/13/2023,Inactive,Name Reservation,CALIFORNIA,NO AGENT
"Les Petits Fertility Consulting and Surrogacy, LLC (202359018130)",09/18/2023,Active,Limited Liability Company - CA,CALIFORNIA,REGISTERED AGENTS INC
"Les Petits Fertility Consulting and Surrogacy, LLC (5904514)",09/14/2023,Inactive,Name Reservation,CALIFORNIA,NO AGENT
"LIN FERTILITY IVF NETWORK, INC. (4108688)",02/05/2018,Active,Stock Corporation - CA - General,CALIFORNIA,JAMES P LIN
"LOMA LINDA FERTILITY AND WELLNESS CENTER, A PROFESSIONAL MEDICAL CORPORATION (6055062)",01/13/2024,Active,Stock Corporation - CA - Professional,CALIFORNIA,GIHAN BAREH
LOS ANGELES FERTILITY CENTER LLC (201814210663),05/18/2018,Active,Limited Liability Company - CA,CALIFORNIA,PATRICK YU
LOS ANGELES FERTILITY INSTITUTE (4119764),02/16/2018,Suspended - FTB,Stock Corporation - CA - General,CALIFORNIA,GANG CHEN
LOTUS ELITE FERTILITY INC. (5491511),02/06/2023,Active,Stock Corporation - CA - General,CALIFORNIA,YANG LI
LOVEBEI FERTILITY CONSULTING (5430934),01/11/2023,Active,Stock Corporation - CA - General,CALIFORNIA,TONG DAN QIN
MACER FERTILITY INC. (4254569),03/13/2019,Active,Stock Corporation - CA - General,CALIFORNIA,"LEGALZOOM.COM, INC."
"MAIA MIDWIFERY AND FERTILITY SERVICES, LLC (200900210443)",01/01/2009,Suspended - FTB/SOS,Limited Liability Company - CA,CALIFORNIA,KRISTIN KALI
"MALE FERTILITY & SEXUAL MEDICINE SPECIALISTS, A MEDICAL CORPORATION (2378453)",02/22/2002,Active,Stock Corporation - CA - General,CALIFORNIA,TERESA D BASTUBA
"MALE FERTILITY MEDICAL ASSOCIATES, INC. (2129272)",01/07/1999,Active,Stock Corporation - CA - General,CALIFORNIA,JOHN GOULD
"Mallow Fertility, LLC (202462315370)",05/19/2024,Active,Limited Liability Company - CA,CALIFORNIA,Alicia Diaz Wesch
"MATE FERTILITY, INC. (4561811)",01/14/2020,Terminated,Stock Corporation - Out of State - Stock,DELAWARE,GABRIEL BOGNER
"MATE FERTILITY, INC. (4668139)",11/24/2020,Terminated,Stock Corporation - Out of State - Stock,DELAWARE,GABRIEL BOGNER
"MEDICAL FERTILITY CENTER, LLC (201926310149)",09/19/2019,Terminated,Limited Liability Company - Out of State,FLORIDA,MIGUEL LEFF
Modern Fertility Law PC (6071323),01/24/2024,Active,Stock Corporation - CA - Professional,CALIFORNIA,"UNITED STATES CORPORATION AGENTS, INC."
"MY BLOSSOM FERTILITY, INC. (3868953)",01/26/2016,Active,Stock Corporation - CA - General,CALIFORNIA,MEI YIN
"MY FERTILITY, LLC (201500910427)",01/05/2015,Suspended - FTB/SOS,Limited Liability Company - CA,CALIFORNIA,CHRISTOPHER P O'CONNELL
"NATIONAL FERTILITY INSTITUTE, INC. (1595829)",08/28/1987,Suspended - FTB/SOS,Stock Corporation - CA - General,CALIFORNIA,"GEOFFREY SHER, MD"
"NATIONAL FERTILITY LAW CENTER, INC. (2869083)",03/09/2006,Terminated,Stock Corporation - CA - General,CALIFORNIA,THOMAS M PINKERTON
"NATUROPATHIC AND HOLISTIC FERTILITY CENTER, INC. (4135035)",03/27/2018,Suspended - FTB,Stock Corporation - CA - General,CALIFORNIA,AUMATMA SHAH SIMMONS
"NEST EGG FERTILITY, LLC (201519010043)",07/07/2015,Suspended - FTB,Limited Liability Company - CA,CALIFORNIA,SHALENE MARIE PETRICEK
"NEW DIRECTIONS IN FERTILITY, INC. (2144655)",08/09/1999,Suspended - FTB,Stock Corporation - CA - General,CALIFORNIA,MITCHELL W ROTH
"NEW FAMILY FERTILITY LAW, APC (4694057)",01/29/2021,Active,Stock Corporation - CA - Professional,CALIFORNIA,"ERESIDENTAGENT, INC."
"NEW FERTILITY, INC. (4240097)",02/01/2019,Active,Stock Corporation - CA - General,CALIFORNIA,JIAQING YUAN
"NEWLIFE FERTILITY CENTER, A MEDICAL CORPORATION (2175537)",09/08/1999,Suspended - FTB/SOS,Stock Corporation - CA - General,CALIFORNIA,ELLEN U SNOWDEN MD
NorCal Fertility Group (5954449),11/01/2023,Active,Nonprofit Corporation - CA - Mutual Benefit,CALIFORNIA,Susan T Fox
NORTH BAY FERTILITY CENTER (1913720),09/28/1994,Terminated,Stock Corporation - CA - General,CALIFORNIA,WILLIAM VAUGHT PH.D.
"NORTH STAR FERTILITY PARTNERS, LLC (202113810102)",05/11/2021,Active,Limited Liability Company - Out of State,DELAWARE,C T CORPORATION SYSTEM
"NORTHERN CALIFORNIA FERTILITY MEDICAL CENTER, A PROFESSIONAL CORPORATION (1839241)",09/24/1992,Active,Stock Corporation - CA - Professional,CALIFORNIA,DENISE KOENES
NURTURE WOMEN'S HEALTH AND FERTILITY INC (4821188),12/17/2021,Active,Stock Corporation - CA - General,CALIFORNIA,MARTHA E DENNY
"OB-GYN & FERTILITY SPECIALISTS MEDICAL GROUP, INC. (685664)",07/20/1973,Terminated,Stock Corporation - CA - General,CALIFORNIA,JILL JACOBS
"OM FERTILITY, A MEDICAL CORPORATION (4799447)",10/08/2021,Active,Stock Corporation - CA - General,CALIFORNIA,DISH MISTRI
OPTIONS NATIONAL FERTILITY REGISTRY (1751815),10/05/1994,Suspended - FTB,Stock Corporation - CA - General,CALIFORNIA,ROBERT MITTECO
Pacific Fertility Aggregator LLC (202462213027),05/09/2024,Active,Limited Liability Company - Out of State,DELAWARE,Gregory Wiles
"PACIFIC FERTILITY CENTERS, INC. (2196384)",08/18/2000,Active,Stock Corporation - CA - General,CALIFORNIA,VICKEN SAHAKIAN
PACIFIC FERTILITY GROUP INC. (4275311),05/08/2019,Active,Stock Corporation - CA - General,CALIFORNIA,YAHUA CHENG
PACIFIC FERTILITY INSTITUTES U.S. HOLDING COMPANY LLC (201417110362),06/18/2014,Suspended - FTB/SOS,Limited Liability Company - CA,CALIFORNIA,
"PACIFIC FERTILITY MEDICAL CENTER - EL CAMINO, INC. (1510827)",10/06/1989,Suspended - FTB/SOS,Stock Corporation - CA - General,CALIFORNIA,MICHAEL O. KOKESH
Pacific Fertility Parent LLC (202462213036),05/09/2024,Active,Limited Liability Company - Out of State,DELAWARE,Gregory Wiles
PAN AMERICAN FERTILITY & GENETICS GROUP INC. (4242275),02/13/2019,Active,Stock Corporation - CA - General,CALIFORNIA,KE YU
PASADENA FERTILITY GROUP A CALIFORNIA LIMITED PARTNERSHIP (198715200011),05/26/1987,Active,Limited Partnership - CA,CALIFORNIA,JEFFREY C MOFFAT
Peak Fertility LLC (202355716870),03/15/2023,Active,Limited Liability Company - CA,CALIFORNIA,OLEKSII BARASH
PERFECT FERTILITY CENTER INC. (4322528),09/30/2019,Active,Stock Corporation - CA - General,CALIFORNIA,Haoming Chen
"PINNACLE FERTILITY MIDCO, INC. (4624551)",07/29/2020,Active,Stock Corporation - Out of State - Stock,DELAWARE,C T CORPORATION SYSTEM
"PINNACLE FERTILITY PARENT, INC. (4624559)",07/29/2020,Active,Stock Corporation - Out of State - Stock,DELAWARE,C T CORPORATION SYSTEM
"PINNACLE FERTILITY, INC. (4624555)",07/29/2020,Active,Stock Corporation - Out of State - Stock,DELAWARE,C T CORPORATION SYSTEM
"Posterity Fertility of California, P.C. (4737803)",04/29/2021,Active,Stock Corporation - CA - General,CALIFORNIA,REGISTERED AGENTS INC
"Posterity Fertility of California, P.C. (5080821)",05/17/2022,Inactive,Name Reservation,CALIFORNIA,NO AGENT
"Prodigy Fertility, Inc. (5672108)",04/21/2023,Active,Stock Corporation - CA - General,CALIFORNIA,William Lewis
"QUANTUM FERTILITY, INC., (4322230)",09/20/2019,Terminated,Stock Corporation - CA - General,CALIFORNIA,CADY S. VORTMANN
RANCHO MIRAGE FERTILITY MEDICAL CLINIC INC. (3078529),03/05/2008,Active,Stock Corporation - CA - General,CALIFORNIA,"THE PRACTICE CERTIFIED PUBLIC ACCOUNTANTS, INC."
REPRODUCTIVE GENETIC FERTILITY CENTER (4298631),07/16/2019,Active,Stock Corporation - CA - General,CALIFORNIA,JAMES P LIN
"RODEO FERTILITY PARTNERS, L.L.C. (201130010003)",10/26/2011,Terminated,Limited Liability Company - CA,CALIFORNIA,
ROUND THE WORLD MEDICAL & FERTILITY CENTER INC. (4250706),03/04/2019,Suspended - FTB,Stock Corporation - CA - General,CALIFORNIA,SHULIN ZHENG
ROYAL FERTILITY SERVICE INC. (4169695),06/29/2018,Suspended - FTB/SOS,Stock Corporation - CA - General,CALIFORNIA,CHENJIE WANG
"ROYAL MATERNITY & FERTILITY, INC. (4153652)",05/23/2018,Suspended - FTB,Stock Corporation - CA - General,CALIFORNIA,MAORU YANG
"SAFE - Surrogacy & Fertility eServices, LLC (201910610154)",04/11/2019,Active,Limited Liability Company - CA,CALIFORNIA,CORLANDOS SCOTT
SAGE FAMILY AND FERTILITY SOLUTIONS LLC (202028010074),10/01/2020,Active,Limited Liability Company - Out of State,WYOMING,"NORTHWEST REGISTERED AGENT, INC."
Salem Fertility Foundation (5707786),05/08/2023,Active,Nonprofit Corporation - CA - Public Benefit,CALIFORNIA,Masih Noor
"SAN DIEGO FERTILITY ACUPUNCTURE, INC. (4293633)",07/08/2019,Active,Stock Corporation - CA - General,CALIFORNIA,KATHERINE GOFORTH
"SAN DIEGO FERTILITY CENTER IVF & ANDROLOGY LAB, INC. (2182826)",11/19/1999,Converted Out,Stock Corporation - CA - General,CALIFORNIA,LISA VAN DOLAH
"SAN DIEGO FERTILITY CENTER IVF & ANDROLOGY LAB, LLC (202103910263)",11/19/1999,Converted Out,Limited Liability Company - CA,CALIFORNIA,C T CORPORATION SYSTEM
"SAN DIEGO FERTILITY CENTER MEDICAL GROUP, INC. (1873588)",09/09/1994,Terminated,Stock Corporation - CA - General,CALIFORNIA,GARY J. SPRADLING
"SAN DIEGO FERTILITY CENTER MEDICAL GROUP, INC. (1905348)",12/23/1996,Active,Stock Corporation - CA - General,CALIFORNIA,C T CORPORATION SYSTEM
SAN DIEGO FERTILITY FOUNDATION (2285032),10/03/2001,Suspended - FTB,Nonprofit Corporation - CA - Public Benefit,CALIFORNIA,L. MICHAEL KETTEL
"SAN FRANCISCO FERTILITY CENTERS, A MEDICAL CORPORATION (1518072)",04/01/1991,Active,Stock Corporation - CA - General,CALIFORNIA,C T CORPORATION SYSTEM
"SANTA MONICA FERTILITY CENTER, LLC (201111110067)",04/20/2011,Active,Limited Liability Company - CA,CALIFORNIA,Kelly Andrews
"SANTA MONICA FERTILITY MSO, LLC (201933110214)",11/27/2019,Terminated,Limited Liability Company - Out of State,DELAWARE,JOHN K. JAIN M.D.
SIMPLE STEPS FERTILITY L.L.C. (201906710290),03/05/2019,Suspended - FTB,Limited Liability Company - CA,CALIFORNIA,ANGELIKA CPA TOROSSIAN
"SIMPLIFY FERTILITY, INC. (4575107)",03/05/2020,Active,Stock Corporation - Out of State - Stock,DELAWARE,LYNDON CHANG
"SIRIUS CANINE FERTILITY, INC. (3287647)",03/23/2010,Active,Stock Corporation - CA - General,CALIFORNIA,BRIDGETT HIGGINBOTHAM
SMART START FERTILITY LLC (202015610300),06/02/2020,Terminated,Limited Liability Company - CA,CALIFORNIA,UCHENNA OMOKARO
SOIL FERTILITY INTERNATIONAL INC. (1184848),03/15/1985,Suspended - FTB,Stock Corporation - CA - General,CALIFORNIA,DOUGLAS W FRYDAY
"SOPHIE'S FERTILITY AND WELLNESS, INC. (4197442)",09/24/2018,Terminated,Stock Corporation - CA - General,CALIFORNIA,NO AGENT
"SPRING FERTILITY HOLDINGS, LLC (201914410259)",05/20/2019,Active,Limited Liability Company - Out of State,DELAWARE,CSC - LAWYERS INCORPORATING SERVICE
SPRING FERTILITY MANAGEMENT LLC (201529410374),10/21/2015,Active,Limited Liability Company - Out of State,DELAWARE,CSC - LAWYERS INCORPORATING SERVICE
SPRING FERTILITY MANAGEMENT OAKLAND LLC (201924210204),08/29/2019,Active,Limited Liability Company - Out of State,DELAWARE,CSC - LAWYERS INCORPORATING SERVICE
SPRING FERTILITY MANAGEMENT SILICON VALLEY LLC (201914410196),05/20/2019,Active,Limited Liability Company - Out of State,DELAWARE,CSC - LAWYERS INCORPORATING SERVICE
SPRING FERTILITY MASTER MSO LLC (201914410214),05/20/2019,Active,Limited Liability Company - Out of State,DELAWARE,CSC - LAWYERS INCORPORATING SERVICE
Stella Maris Fertility Care LLC (202253017980),10/25/2022,Active,Limited Liability Company - CA,CALIFORNIA,"LEGALZOOM.COM, INC."
"STORK CLUB FERTILITY, INC. (3982771)",01/13/2017,Active,Stock Corporation - Out of State - Stock,DELAWARE,ANGELA SHEKHTMAN
Sunshine Fertility (5117935),06/13/2022,Active,Stock Corporation - CA - General,CALIFORNIA,Haoming Chen
"SURROGACY AND FERTILITY ESCROW, INC. (4745707)",05/27/2021,Terminated,Stock Corporation - CA - General,CALIFORNIA,JOSEPH SINGLETON
SW Fertility Consulting LLC (202460714996),01/26/2024,Active,Limited Liability Company - CA,CALIFORNIA,SAHAR WERTHEIMER
TAI CHI FERTILITY INC. (6046806),01/08/2024,Active,Stock Corporation - CA - General,CALIFORNIA,YANQING HAN
"TAIJI FERTILITY, INC. (5163094)",07/18/2022,Terminated,Stock Corporation - CA - General,CALIFORNIA,YANQING HAN
"THE FERTILITY AND REPRODUCTIVE HEALTH INSTITUTE OF NORTHERN CALIFORNIA, A CALIFORNIA LIMITED PARTNERSHIP (198811700006)",04/20/1988,Terminated,Limited Partnership - CA,CALIFORNIA,"G. DAVID ADAMSON, M.D."
THE FERTILITY AND REPRODUCTIVE RIGHTS LEAGUE (2668588),07/07/2004,Suspended - FTB,Nonprofit Corporation - CA - Public Benefit,CALIFORNIA,ANGELA POOL HEGAMIN
THE FERTILITY EDUCATION AND RESEARCH COUNCIL (2668587),07/07/2004,Suspended - FTB,Nonprofit Corporation - CA - Public Benefit,CALIFORNIA,ANGELA POOL HEGAMIN
THE FERTILITY EXPERT LLC (202105710582),02/22/2021,Active,Limited Liability Company - CA,CALIFORNIA,MARC BENJAMIN SKLAR
"THE FERTILITY HOUSE, A PROFESSIONAL NURSING CORPORATION (4858920)",03/04/2022,Active,Stock Corporation - CA - Professional,CALIFORNIA,JAMIE HAINLEN
"THE FERTILITY INSTITUTE OF NORTHERN CALIFORNIA, A MEDICAL GROUP, INC. (1413449)",07/23/1987,Suspended - FTB,Stock Corporation - CA - General,CALIFORNIA,CLIFFORD ROSS CHERNICK
"THE FREE FERTILITY FOUNDATION, A CALIFORNIA NON PROFIT PUBLIC BENEFIT CORPORATION (2564395)",10/15/2003,Terminated,Nonprofit Corporation - CA - Public Benefit,CALIFORNIA,WILLIAM CLARK NAYLOR
THE HATCH FERTILITY FOUNDATION (4830806),01/01/2022,Active,Nonprofit Corporation - CA - Public Benefit,CALIFORNIA,KELLY MARIE SULLIVAN
THE INTERNATIONAL FERTILITY FOUNDATION (4632277),08/18/2020,Active,Nonprofit Corporation - CA - Public Benefit,CALIFORNIA,"LEGALINC REGISTERED AGENTS, INC."
"THE LYAN INSTITUTE OF FERTILITY RESEARCH, INC. (2959245)",12/05/2006,Suspended - FTB/SOS,Nonprofit Corporation - CA - Public Benefit,CALIFORNIA,FRED ROSENMUND
THE SOUTHERN CALIFORNIA FERTILITY INSTITUTE (636326),10/12/1971,Suspended - FTB,Nonprofit Corporation - CA - General,CALIFORNIA,
"THRIVE FERTILITY CONSULTING, LLC (201712410041)",04/26/2017,Terminated,Limited Liability Company - CA,CALIFORNIA,
"U PLUS BABY FERTILITY TECHNOLOGY CO., LTD (4226382)",12/28/2018,Terminated,Stock Corporation - CA - General,CALIFORNIA,ZHENDONG LUO
U.S. FERTILITY CLINICS (1857143),04/29/1993,Terminated,Stock Corporation - CA - General,CALIFORNIA,KAREN RANDALL
"UNITY FERTILITY CENTER, LLC (201419910097)",07/15/2014,Active,Limited Liability Company - CA,CALIFORNIA,CHUNYEH WANG
"UNIVERSITY FERTILITY LABORATORY, INC. (2898152)",06/27/2006,Active,Stock Corporation - CA - Professional,CALIFORNIA,SY ZAKERI
US FERTILITY HOPE LLC (201536210066),12/18/2015,Suspended - FTB/SOS,Limited Liability Company - CA,CALIFORNIA,
"US FERTILITY, LLC (201900810174)",12/31/2018,Active,Limited Liability Company - Out of State,DELAWARE,C T CORPORATION SYSTEM
"VALLEY ANDROLOGY FERTILITY CENTER, INC. (3263781)",12/14/2009,Active,Stock Corporation - CA - General,CALIFORNIA,H. MICHAEL SYNN M.D.
"VALLEY FERTILITY & GYNECOLOGY MEDICAL ASSOCIATES, INC. (827654)",10/03/1977,Terminated,Stock Corporation - CA - General,CALIFORNIA,NORMAN D LOW
"VAUGHN FERTILITY LAW GROUP, INC. (3899274)",04/21/2016,Active,Stock Corporation - CA - General,CALIFORNIA,Richard B Vaughn
"VIAGENE FERTILITY, LLC (200320410054)",07/21/2003,Active,Limited Liability Company - CA,CALIFORNIA,SERGEI EVSIKOV
"VIP FERTILITY CONCIERGE, LLC (201606910386)",03/03/2016,Suspended - FTB/SOS,Limited Liability Company - CA,CALIFORNIA,NANCY C ENG
Visit Fertility LLC (202253417711),11/24/2022,Active,Limited Liability Company - CA,CALIFORNIA,"LEGALZOOM.COM, INC."
"VISTA FERTILITY, LLC (202012510571)",04/16/2020,Active,Limited Liability Company - Out of State,DELAWARE,EMILIE K ELLIOTT
VORZIMER/MASSERMAN - FERTILITY AND FAMILY LAW CENTER (1744022),05/11/1994,Active,Stock Corporation - CA - General,CALIFORNIA,ANDREW VORZIMER
"WCE CA FERTILITY, INC. (2205515)",12/23/1999,Active,Stock Corporation - CA - General,CALIFORNIA,"REGISTERED AGENT SOLUTIONS, INC."
"WEST COAST FERTILITY CENTERS, LLC (202208110155)",03/10/2022,Active,Limited Liability Company - Out of State,DELAWARE,VITALY A KUSHNIR
WEST COAST FERTILITY MEDICAL GROUP PC (4760390),06/28/2021,Active,Stock Corporation - CA - Professional,CALIFORNIA,VITALY A. KUSHNIR
WESTERN FERTILITY INSTITUTE LLC (201426210096),09/18/2014,Active,Limited Liability Company - CA,CALIFORNIA,ASHIM KUMAR
WESTERN FERTILITY INSTITUTE OF ARCADIA LLC (202003810225),01/24/2020,Active,Limited Liability Company - CA,CALIFORNIA,ASHIM KUMAR
"WILSHIRE FERTILITY CLINIC, LLC (202123810697)",08/24/2021,Active,Limited Liability Company - Out of State,DELAWARE,C T CORPORATION SYSTEM
"WOMAN TO WOMAN FERTILITY CENTER, INC. (1720582)",02/22/1993,Suspended - FTB,Stock Corporation - CA - General,CALIFORNIA,MARLENE KAMINSKY
"WOMEN'S SPECIALTY & FERTILITY CENTER, INC. (3560143)",04/12/2013,Active,Stock Corporation - CA - General,CALIFORNIA,H Michael Synn
WONDERLAND FERTILITY CONSULTING INC (4720908),04/05/2021,Active,Stock Corporation - CA - General,CALIFORNIA,XINJIE ZHOU
WOOMEN FERTILITY ACUPUNCTURE CORP (4555794),01/21/2020,Terminated,Stock Corporation - CA - General,CALIFORNIA,"TAX PLUS BOOKKEEPING, INC."
XPERT FERTILITY CARE OF CALIFORNIA INC. (2587730),01/18/2005,Terminated,Stock Corporation - CA - General,CALIFORNIA,MINH N HO
YOUBABY MEDICAL & FERTILITY CENTER INC. (4302602),07/29/2019,Suspended - FTB,Stock Corporation - CA - General,CALIFORNIA,ANGEL SHI
YOUR FERTILITY ADVOCATE INC. (4785206),09/02/2021,Active,Stock Corporation - CA - General,CALIFORNIA,MEGAN EDGECUMBE
"ZOUVES FERTILITY CENTER, A MEDICAL CORPORATION (2182198)",11/15/1999,Active,Stock Corporation - CA - General,CALIFORNIA,CHRISTO ZOUVES