State,total_cycles,total_cycles_non_donor,total_cycles_donor
ALABAMA,456,448,8
ARIZONA,695,649,46
ARKANSAS,201,195,6
CALIFORNIA,6854,6068,786
COLORADO,1074,939,135
CONNECTICUT,608,550,58
D.C.,556,519,37
DELAWARE,258,244,14
FLORIDA,1835,1733,102
GEORGIA,1255,1186,69
HAWAII,302,302,0
ILLINOIS,3817,3693,124
INDIANA,1249,1196,53
IOWA,697,668,29
KANSAS,641,605,36
KENTUCKY,237,232,5
LOUISIANA,401,384,17
MARYLAND,1991,1941,50
MASSACHUSETTS,6262,5997,265
MICHIGAN,1887,1800,87
MINNESOTA,1036,971,65
MISSISSIPPI,122,117,5
MISSOURI,566,530,36
NEBRASKA,392,366,26
NEVADA,250,232,18
NEW HAMPSHIRE,27,27,0
NEW JERSEY,2671,2529,142
NEW MEXICO,115,108,7
NEW YORK,4667,4447,220
NORTH CAROLINA,761,646,115
OHIO,2134,1964,170
OKLAHOMA,291,286,5
OREGON,406,348,58
PENNSYLVANIA,2642,2531,111
PUERTO RICO,212,201,11
RHODE ISLAND,508,498,10
SOUTH CAROLINA,302,289,13
SOUTH DAKOTA,13,13,0
TENNESSEE,553,515,38
TEXAS,2387,2277,110
UTAH,158,147,11
VERMONT,56,56,0
VIRGINIA,1065,965,100
WASHINGTON,933,852,81
WEST VIRGINIA,87,86,1
WISCONSIN,728,707,21
National,54358,51057,3301
