State,total_cycles,total_cycles_non_donor,total_cycles_donor
ALABAMA,560,550,10
ARIZONA,792,742,50
ARKANSAS,221,162,59
CALIFORNIA,7674,6812,862
COLORADO,1197,1102,95
CONNECTICUT,478,458,20
DISTRICT OF COLUMBIA,162,142,20
FLORIDA,4829,4629,200
GEORGIA,451,425,26
HAWAII,373,347,26
ILLINOIS,3228,3121,107
INDIANA,753,702,51
IOWA,986,969,17
KANSAS,866,846,20
KENTUCKY,737,702,35
LOUISIANA,3204,3076,128
MARYLAND,2783,2664,119
MASSACHUSETTS,1030,992,38
MICHIGAN,2173,2035,138
MINNESOTA,558,521,37
MISSISSIPPI,84,77,7
MISSOURI,1863,1813,50
NEBRASKA,418,404,14
NEVADA,611,525,86
NEW HAMPSHIRE,78,78,0
NEW JERSEY,992,952,40
NEW MEXICO,684,625,59
NEW YORK,4613,4315,298
NORTH CAROLINA,1117,1043,74
NORTH DAKOTA,69,67,2
OHIO,1439,1347,92
OKLAHOMA,274,251,23
OREGON,229,224,5
PENNSYLVANIA,2639,2512,127
PUERTO RICO,32,32,0
SOUTH CAROLINA,62,57,5
SOUTH DAKOTA,50,50,0
TENNESSEE,1263,1203,60
TEXAS,3010,2813,197
UTAH,65,64,1
VERMONT,224,221,3
VIRGINIA,934,853,81
WASHINGTON,486,467,19
WISCONSIN,67,67,0
National,54358,51057,3301
