State,total_cycles,total_cycles_non_donor,total_cycles_donor
ALABAMA,591,547,44
ARIZONA,1023,868,155
ARKANSAS,276,264,12
CALIFORNIA,12278,10278,2000
COLORADO,1878,1497,381
CONNECTICUT,1748,1650,98
DELAWARE,308,285,23
DISTRICT OF COLUMBIA,1016,936,80
FLORIDA,4063,3646,417
GEORGIA,1942,1695,247
HAWAII,375,350,25
IDAHO,189,169,20
ILLINOIS,6597,6180,417
INDIANA,1930,1848,82
IOWA,737,688,49
KANSAS,844,801,43
KENTUCKY,445,430,15
LOUISIANA,655,644,11
MARYLAND,3238,3054,184
MASSACHUSETTS,7713,7266,447
MICHIGAN,3174,2910,264
MINNESOTA,2045,1810,235
MISSISSIPPI,194,191,3
MISSOURI,1080,1010,70
NEBRASKA,452,400,52
NEVADA,849,707,142
NEW HAMPSHIRE,132,127,5
NEW JERSEY,6067,5387,680
NEW MEXICO,183,151,32
NEW YORK,9793,9003,790
NORTH CAROLINA,1463,1312,151
NORTH DAKOTA,93,91,2
OHIO,2470,2223,247
OKLAHOMA,507,463,44
OREGON,792,629,163
PENNSYLVANIA,2731,2501,230
PUERTO RICO,334,317,17
RHODE ISLAND,891,843,48
SOUTH CAROLINA,550,467,83
SOUTH DAKOTA,113,110,3
TENNESSEE,640,551,89
TEXAS,4954,4500,454
UTAH,432,388,44
VERMONT,81,75,6
VIRGINIA,1517,1286,231
WASHINGTON,1645,1382,263
WEST VIRGINIA,115,104,11
WISCONSIN,636,589,47
