State,total_cycles,total_cycles_non_donor,total_cycles_donor
ALABAMA,547,487,60
ARIZONA,1390,1175,215
ARKANSAS,304,298,6
CALIFORNIA,13139,10853,2286
COLORADO,1871,1462,409
CONNECTICUT,1888,1793,95
DELAWARE,396,374,22
DISTRICT OF COLUMBIA,1143,1050,93
FLORIDA,4587,4090,497
GEORGIA,2005,1780,225
HAWAII,327,306,21
IDAHO,8,8,0
ILLINOIS,7201,6692,509
INDIANA,1867,1762,105
IOWA,732,686,46
KANSAS,957,884,73
KENTUCKY,479,451,28
LOUISIANA,667,640,27
MARYLAND,3920,3669,251
MASSACHUSETTS,7968,7482,486
MICHIGAN,3041,2754,287
MINNESOTA,2234,2003,231
MISSISSIPPI,191,174,17
MISSOURI,1289,1194,95
NEBRASKA,789,685,104
NEVADA,509,391,118
NEW HAMPSHIRE,136,133,3
NEW JERSEY,6927,6109,818
NEW MEXICO,154,118,36
NEW YORK,10574,9754,820
NORTH CAROLINA,1697,1507,190
NORTH DAKOTA,99,97,2
OHIO,3090,2847,243
OKLAHOMA,559,518,41
OREGON,824,639,185
PENNSYLVANIA,3133,2858,275
PUERTO RICO,396,384,12
RHODE ISLAND,870,807,63
SOUTH CAROLINA,626,532,94
SOUTH DAKOTA,124,124,0
TENNESSEE,950,815,135
TEXAS,5379,4878,501
UTAH,413,378,35
VERMONT,115,107,8
VIRGINIA,2576,1958,618
WASHINGTON,1848,1515,333
WEST VIRGINIA,159,143,16
WISCONSIN,454,438,16
NATIONAL,100552,89802,10750
