State,total_cycles,total_cycles_non_donor,total_cycles_donor
ALABAMA,744,656,88
ALASKA,44,44,0
ARIZONA,1910,1688,222
ARKANSAS,334,310,24
CALIFORNIA,17606,14535,3071
COLORADO,2132,1706,426
CONNECTICUT,2719,2408,311
DELAWARE,323,309,14
DISTRICT OF COLUMBIA,1220,1167,53
FLORIDA,6042,5393,649
GEORGIA,2476,2205,271
HAWAII,764,683,81
IDAHO,342,281,61
ILLINOIS,8774,8014,760
INDIANA,1903,1706,197
IOWA,650,603,47
KANSAS,805,697,108
KENTUCKY,440,426,14
LOUISIANA,656,628,28
MARYLAND,5406,4799,607
MASSACHUSETTS,8831,8186,645
MICHIGAN,2853,2571,282
MINNESOTA,2109,1886,223
MISSISSIPPI,266,227,39
MISSOURI,1531,1401,130
NEBRASKA,667,598,69
NEVADA,1313,1103,210
NEW HAMPSHIRE,161,143,18
NEW JERSEY,8888,7923,965
NEW MEXICO,192,145,47
NEW YORK,15357,13870,1487
NORTH CAROLINA,2280,2030,250
NORTH DAKOTA,119,117,2
OHIO,3575,3200,375
OKLAHOMA,583,525,58
OREGON,1086,842,244
PENNSYLVANIA,3913,3527,386
PUERTO RICO,417,390,27
RHODE ISLAND,849,765,84
SOUTH CAROLINA,854,740,114
SOUTH DAKOTA,153,146,7
TENNESSEE,1309,1105,204
TEXAS,6304,5641,663
UTAH,613,570,43
VERMONT,110,103,7
VIRGINIA,2911,2293,618
WASHINGTON,1631,1346,285
WEST VIRGINIA,96,86,10
WISCONSIN,1034,912,122
NATIONAL,125295,110649,14646
