State,total_cycles,total_cycles_non_donor,total_cycles_donor
ALABAMA,870,758,112
ALASKA,59,58,1
ARIZONA,2140,1874,266
ARKANSAS,244,227,17
CALIFORNIA,18054,14780,3274
COLORADO,2187,1733,454
CONNECTICUT,3246,2921,325
DELAWARE,284,269,15
DISTRICT OF COLUMBIA,1183,1112,71
FLORIDA,6112,5434,678
GEORGIA,2620,2297,323
HAWAII,484,434,50
IDAHO,448,357,91
ILLINOIS,8964,8196,768
INDIANA,1891,1706,185
IOWA,725,667,58
KANSAS,933,806,127
KENTUCKY,459,436,23
LOUISIANA,790,762,28
MAINE,87,87,0
MARYLAND,5394,4770,624
MASSACHUSETTS,8452,7803,649
MICHIGAN,2929,2571,358
MINNESOTA,2205,1920,285
MISSISSIPPI,261,236,25
MISSOURI,1633,1484,149
NEBRASKA,569,504,65
NEVADA,1578,1343,235
NEW HAMPSHIRE,181,161,20
NEW JERSEY,8600,7639,961
NEW MEXICO,164,115,49
NEW YORK,16951,15342,1609
NORTH CAROLINA,2323,2089,234
NORTH DAKOTA,131,129,2
OHIO,3486,3144,342
OKLAHOMA,655,563,92
OREGON,1295,1027,268
PENNSYLVANIA,3347,3009,338
PUERTO RICO,249,233,16
RHODE ISLAND,791,721,70
SOUTH CAROLINA,899,769,130
SOUTH DAKOTA,200,190,10
TENNESSEE,1348,1171,177
TEXAS,5986,5280,706
UTAH,775,720,55
VERMONT,140,131,9
VIRGINIA,3032,2443,589
WASHINGTON,2404,1961,443
WEST VIRGINIA,138,134,4
WISCONSIN,897,772,125
NATIONAL,128793,113288,15505
