State,total_cycles,total_cycles_non_donor,total_cycles_donor
ALABAMA,852,750,102
ALASKA,77,75,2
ARIZONA,1956,1701,255
ARKANSAS,308,288,20
CALIFORNIA,17872,14873,2999
COLORADO,2236,1795,441
CONNECTICUT,3476,2999,477
DELAWARE,635,594,41
DISTRICT OF COLUMBIA,1253,1178,75
FLORIDA,5875,5099,776
GEORGIA,2652,2381,271
HAWAII,665,565,100
IDAHO,391,305,86
ILLINOIS,9309,8432,877
INDIANA,1756,1552,204
IOWA,941,855,86
KANSAS,927,845,82
KENTUCKY,530,484,46
LOUISIANA,750,711,39
MARYLAND,6388,5431,957
MASSACHUSETTS,9849,9225,624
MICHIGAN,3091,2755,336
MINNESOTA,2262,1993,269
MISSISSIPPI,194,171,23
MISSOURI,1205,1101,104
NEBRASKA,546,485,61
NEVADA,1173,1005,168
NEW HAMPSHIRE,194,182,12
NEW JERSEY,7837,6956,881
NEW MEXICO,240,195,45
NEW YORK,18297,16449,1848
NORTH CAROLINA,2785,2475,310
NORTH DAKOTA,155,146,9
OHIO,3639,3281,358
OKLAHOMA,718,655,63
OREGON,1220,960,260
PENNSYLVANIA,4328,3854,474
PUERTO RICO,191,181,10
RHODE ISLAND,650,623,27
SOUTH CAROLINA,967,816,151
SOUTH DAKOTA,216,209,7
TENNESSEE,1243,1009,234
TEXAS,8540,7559,981
UTAH,928,864,64
VERMONT,138,125,13
VIRGINIA,3170,2614,556
WASHINGTON,2795,2194,601
WEST VIRGINIA,143,137,6
WISCONSIN,1033,933,100
NATIONAL,273192,240130,33062
