State,total_cycles,total_cycles_non_donor,total_cycles_donor
ALABAMA,869,760,109
ALASKA,115,107,8
ARIZONA,1946,1698,248
ARKANSAS,293,281,12
CALIFORNIA,17910,14904,3006
COLORADO,2356,1889,467
CONNECTICUT,3286,2872,414
DELAWARE,573,535,38
DISTRICT OF COLUMBIA,1445,1385,60
FLORIDA,6429,5657,772
GEORGIA,2693,2424,269
HAWAII,828,699,129
IDAHO,374,279,95
ILLINOIS,9218,8257,961
INDIANA,1630,1465,165
IOWA,1002,935,67
KANSAS,940,822,118
KENTUCKY,491,433,58
LOUISIANA,846,807,39
MARYLAND,7160,5988,1172
MASSACHUSETTS,10192,9509,683
MICHIGAN,3236,2835,401
MINNESOTA,2138,1864,274
MISSISSIPPI,176,153,23
MISSOURI,1298,1170,128
MONTANA,58,57,1
NEBRASKA,586,534,52
NEVADA,906,769,137
NEW HAMPSHIRE,170,157,13
NEW JERSEY,7669,6817,852
NEW MEXICO,209,175,34
NEW YORK,18735,16867,1868
NORTH CAROLINA,3012,2686,326
NORTH DAKOTA,203,196,7
OHIO,3424,3059,365
OKLAHOMA,717,648,69
OREGON,1266,1010,256
PENNSYLVANIA,4299,3842,457
PUERTO RICO,228,208,20
RHODE ISLAND,643,611,32
SOUTH CAROLINA,1065,926,139
SOUTH DAKOTA,248,243,5
TENNESSEE,1299,1085,214
TEXAS,9299,8229,1070
UTAH,1183,1096,87
VERMONT,142,127,15
VIRGINIA,3275,2777,498
WASHINGTON,3015,2446,569
WEST VIRGINIA,121,119,2
WISCONSIN,1061,955,106
NATIONAL,140277,123367,16910
