State,total_cycles,total_cycles_non_donor,total_cycles_donor
ALABAMA,1085,995,90
ARIZONA,2266,2050,216
ARKANSAS,271,256,15
CALIFORNIA,24302,20459,3843
COLORADO,3185,2746,439
CONNECTICUT,3655,3059,596
DELAWARE,725,643,82
DISTRICT OF COLUMBIA,898,823,75
FLORIDA,7788,7052,736
GEORGIA,3546,3168,378
HAWAII,1109,897,212
IDAHO,394,265,129
ILLINOIS,11858,10829,1029
INDIANA,2086,1858,228
IOWA,1135,1023,112
KANSAS,1306,1244,62
KENTUCKY,557,521,36
LOUISIANA,1195,1148,47
MAINE,363,348,15
MARYLAND,8614,7253,1361
MASSACHUSETTS,9968,9427,541
MICHIGAN,3867,3487,380
MINNESOTA,2364,2099,265
MISSISSIPPI,293,245,48
MISSOURI,1969,1814,155
MONTANA,137,134,3
NEBRASKA,750,676,74
NEVADA,1509,1222,287
NEW HAMPSHIRE,167,161,6
NEW JERSEY,8898,8192,706
NEW MEXICO,102,86,16
NEW YORK,22310,20571,1739
NORTH CAROLINA,3676,3289,387
NORTH DAKOTA,299,294,5
OHIO,4416,3992,424
OKLAHOMA,885,788,97
OREGON,1550,1147,403
PENNSYLVANIA,5578,5045,533
PUERTO RICO,228,213,15
RHODE ISLAND,579,559,20
SOUTH CAROLINA,1326,1195,131
SOUTH DAKOTA,299,289,10
TENNESSEE,1842,1556,286
TEXAS,13963,12705,1258
UTAH,1980,1826,154
VERMONT,231,216,15
VIRGINIA,3158,2725,433
WASHINGTON,3489,2988,501
WEST VIRGINIA,153,141,12
WISCONSIN,1392,1248,144
NATIONAL,173716,154967,18749
