State,total_cycles,total_cycles_non_donor,total_cycles_donor
ALABAMA,1074,1074,98
ARIZONA,4490,4490,285
ARKANSAS,284,284,13
CALIFORNIA,42702,42702,4203
COLORADO,5994,5994,493
CONNECTICUT,5540,5540,726
DELAWARE,1035,1035,121
DISTRICT OF COLUMBIA,1262,1262,64
FLORIDA,10829,10829,1069
GEORGIA,5176,5176,679
HAWAII,1484,1484,261
IDAHO,566,566,120
ILLINOIS,15293,15293,975
INDIANA,2910,2910,219
IOWA,1397,1397,91
KANSAS,1622,1622,90
KENTUCKY,686,686,56
LOUISIANA,1752,1752,51
MAINE,412,412,9
MARYLAND,11797,11797,1486
MASSACHUSETTS,12589,12589,716
MICHIGAN,5060,5060,378
MINNESOTA,3451,3451,329
MISSISSIPPI,426,426,65
MISSOURI,3589,3589,210
MONTANA,215,215,10
NEBRASKA,968,968,62
NEVADA,2407,2407,322
NEW JERSEY,12054,12054,880
NEW MEXICO,280,280,27
NEW YORK,35132,35132,2017
NORTH CAROLINA,4949,4949,457
NORTH DAKOTA,321,321,14
OHIO,5123,5123,368
OKLAHOMA,1026,1026,89
OREGON,2724,2724,360
PENNSYLVANIA,7667,7667,643
PUERTO RICO,265,265,17
RHODE ISLAND,598,598,26
SOUTH CAROLINA,1904,1904,181
SOUTH DAKOTA,336,336,28
TENNESSEE,2378,2378,325
TEXAS,19644,19644,1332
UTAH,2704,2704,240
VERMONT,407,407,17
VIRGINIA,3657,3657,352
WASHINGTON,5646,5646,588
WEST VIRGINIA,203,203,22
WISCONSIN,1695,1695,134
NATIONAL,253723,253723,21318
